dataset,experiment,representation,mode,alert_rate,threshold,shingle_size,trees,sample_size,time_decay,normalize,positives,predicted,tp,fp,fn,tn,precision,recall,f1,k,precision_at_k,recall_at_k,segments,segments_hit_w0,segment_recall_w0,segments_hit_w1,segment_recall_w1,segments_hit_w2,segment_recall_w2
bgl,shingle,A,online,0.020,1.87189631,1,50,256,default,false,829,164,19,145,810,8526,0.115854,0.022919,0.038268,829,0.218335,0.218335,559,17,0.030411,29,0.051878,39,0.069767
bgl,shingle,A,online,0.050,1.13019470,1,50,256,default,false,829,485,95,390,734,8281,0.195876,0.114596,0.144597,829,0.218335,0.218335,559,89,0.159213,118,0.211091,137,0.245081
bgl,shingle,A,online,0.087,0.98706079,1,50,256,default,false,829,723,157,566,672,8105,0.217151,0.189385,0.202320,829,0.218335,0.218335,559,134,0.239714,167,0.298748,192,0.343470
bgl,shingle,A,online,0.100,0.95282114,1,50,256,default,false,829,815,180,635,649,8036,0.220859,0.217129,0.218978,829,0.218335,0.218335,559,151,0.270125,186,0.332737,214,0.382826
bgl,shingle,A,frozen,0.020,1.87189631,1,50,256,default,false,829,308,56,252,773,8419,0.181818,0.067551,0.098505,829,0.219542,0.219542,559,51,0.091234,67,0.119857,81,0.144902
bgl,shingle,A,frozen,0.050,1.13019470,1,50,256,default,false,829,715,165,550,664,8121,0.230769,0.199035,0.213731,829,0.219542,0.219542,559,140,0.250447,171,0.305903,196,0.350626
bgl,shingle,A,frozen,0.087,0.98706079,1,50,256,default,false,829,966,201,765,628,7906,0.208075,0.242461,0.223955,829,0.219542,0.219542,559,162,0.289803,203,0.363148,231,0.413238
bgl,shingle,A,frozen,0.100,0.95282114,1,50,256,default,false,829,1145,226,919,603,7752,0.197380,0.272618,0.228977,829,0.219542,0.219542,559,184,0.329159,230,0.411449,264,0.472272
bgl,shingle,A,online,0.020,2.23884618,4,50,256,default,false,829,131,9,122,820,8549,0.068702,0.010856,0.018750,829,0.130277,0.130277,559,5,0.008945,9,0.016100,11,0.019678
bgl,shingle,A,online,0.050,1.24162860,4,50,256,default,false,829,352,35,317,794,8354,0.099432,0.042220,0.059272,829,0.130277,0.130277,559,29,0.051878,36,0.064401,41,0.073345
bgl,shingle,A,online,0.087,1.06859536,4,50,256,default,false,829,497,56,441,773,8230,0.112676,0.067551,0.084465,829,0.130277,0.130277,559,42,0.075134,57,0.101968,65,0.116279
bgl,shingle,A,online,0.100,1.01175342,4,50,256,default,false,829,557,66,491,763,8180,0.118492,0.079614,0.095238,829,0.130277,0.130277,559,51,0.091234,65,0.116279,73,0.130590
bgl,shingle,A,frozen,0.020,2.23884618,4,50,256,default,false,829,214,18,196,811,8475,0.084112,0.021713,0.034516,829,0.130277,0.130277,559,13,0.023256,20,0.035778,23,0.041145
bgl,shingle,A,frozen,0.050,1.24162860,4,50,256,default,false,829,721,91,630,738,8041,0.126214,0.109771,0.117419,829,0.130277,0.130277,559,69,0.123435,89,0.159213,98,0.175313
bgl,shingle,A,frozen,0.087,1.06859536,4,50,256,default,false,829,905,129,776,700,7895,0.142541,0.155609,0.148789,829,0.130277,0.130277,559,93,0.166369,109,0.194991,123,0.220036
bgl,shingle,A,frozen,0.100,1.01175342,4,50,256,default,false,829,968,137,831,692,7840,0.141529,0.165259,0.152476,829,0.130277,0.130277,559,99,0.177102,116,0.207513,132,0.236136
bgl,shingle,A,online,0.020,2.41575297,6,50,256,default,false,829,110,11,99,818,8572,0.100000,0.013269,0.023429,829,0.106152,0.106152,559,7,0.012522,9,0.016100,9,0.016100
bgl,shingle,A,online,0.050,1.29186065,6,50,256,default,false,829,334,28,306,801,8365,0.083832,0.033776,0.048151,829,0.106152,0.106152,559,23,0.041145,25,0.044723,28,0.050089
bgl,shingle,A,online,0.087,1.05135316,6,50,256,default,false,829,501,49,452,780,8219,0.097804,0.059107,0.073684,829,0.106152,0.106152,559,40,0.071556,44,0.078712,48,0.085868
bgl,shingle,A,online,0.100,1.00348595,6,50,256,default,false,829,559,55,504,774,8167,0.098390,0.066345,0.079251,829,0.106152,0.106152,559,44,0.078712,50,0.089445,58,0.103757
bgl,shingle,A,frozen,0.020,2.41575297,6,50,256,default,false,829,227,21,206,808,8465,0.092511,0.025332,0.039773,829,0.112183,0.112183,559,17,0.030411,19,0.033989,21,0.037567
bgl,shingle,A,frozen,0.050,1.29186065,6,50,256,default,false,829,671,73,598,756,8073,0.108793,0.088058,0.097333,829,0.112183,0.112183,559,55,0.098390,62,0.110912,70,0.125224
bgl,shingle,A,frozen,0.087,1.05135316,6,50,256,default,false,829,1026,125,901,704,7770,0.121832,0.150784,0.134771,829,0.112183,0.112183,559,90,0.161002,102,0.182469,112,0.200358
bgl,shingle,A,frozen,0.100,1.00348595,6,50,256,default,false,829,1104,134,970,695,7701,0.121377,0.161641,0.138645,829,0.112183,0.112183,559,97,0.173524,110,0.196780,122,0.218247
bgl,shingle,A,online,0.020,2.48763703,12,50,256,default,false,829,117,7,110,822,8561,0.059829,0.008444,0.014799,829,0.085645,0.085645,559,5,0.008945,5,0.008945,5,0.008945
bgl,shingle,A,online,0.050,1.28927442,12,50,256,default,false,829,350,25,325,804,8346,0.071429,0.030157,0.042409,829,0.085645,0.085645,559,21,0.037567,22,0.039356,27,0.048301
bgl,shingle,A,online,0.087,1.05028896,12,50,256,default,false,829,494,31,463,798,8208,0.062753,0.037394,0.046863,829,0.085645,0.085645,559,26,0.046512,29,0.051878,34,0.060823
bgl,shingle,A,online,0.100,1.00017540,12,50,256,default,false,829,523,33,490,796,8181,0.063098,0.039807,0.048817,829,0.085645,0.085645,559,28,0.050089,30,0.053667,34,0.060823
bgl,shingle,A,frozen,0.020,2.48763703,12,50,256,default,false,829,228,19,209,810,8462,0.083333,0.022919,0.035951,829,0.096502,0.096502,559,15,0.026834,18,0.032200,18,0.032200
bgl,shingle,A,frozen,0.050,1.28927442,12,50,256,default,false,829,623,47,576,782,8095,0.075441,0.056695,0.064738,829,0.096502,0.096502,559,38,0.067979,46,0.082290,49,0.087657
bgl,shingle,A,frozen,0.087,1.05028896,12,50,256,default,false,829,939,91,848,738,7823,0.096912,0.109771,0.102941,829,0.096502,0.096502,559,70,0.125224,78,0.139535,83,0.148479
bgl,shingle,A,frozen,0.100,1.00017540,12,50,256,default,false,829,1022,102,920,727,7751,0.099804,0.123040,0.110211,829,0.096502,0.096502,559,76,0.135957,85,0.152057,95,0.169946
bgl,shingle,B,online,0.020,1.61404142,1,50,256,default,false,829,84,41,43,788,8628,0.488095,0.049457,0.089814,829,0.407720,0.407720,559,35,0.062612,35,0.062612,43,0.076923
bgl,shingle,B,online,0.050,1.20512165,1,50,256,default,false,829,384,157,227,672,8444,0.408854,0.189385,0.258862,829,0.407720,0.407720,559,138,0.246869,152,0.271914,178,0.318426
bgl,shingle,B,online,0.087,1.00109744,1,50,256,default,false,829,769,314,455,515,8216,0.408322,0.378770,0.392991,829,0.407720,0.407720,559,264,0.472272,292,0.522361,323,0.577818
bgl,shingle,B,online,0.100,0.94316472,1,50,256,default,false,829,918,370,548,459,8123,0.403050,0.446321,0.423583,829,0.407720,0.407720,559,305,0.545617,331,0.592129,360,0.644007
bgl,shingle,B,frozen,0.020,1.61404142,1,50,256,default,false,829,644,200,444,629,8227,0.310559,0.241255,0.271555,829,0.299156,0.299156,559,170,0.304114,199,0.355993,224,0.400716
bgl,shingle,B,frozen,0.050,1.20512165,1,50,256,default,false,829,1510,390,1120,439,7551,0.258278,0.470446,0.333476,829,0.299156,0.299156,559,313,0.559928,367,0.656530,390,0.697674
bgl,shingle,B,frozen,0.087,1.00109744,1,50,256,default,false,829,2159,510,1649,319,7022,0.236220,0.615199,0.341365,829,0.299156,0.299156,559,399,0.713775,446,0.797853,472,0.844365
bgl,shingle,B,frozen,0.100,0.94316472,1,50,256,default,false,829,2398,594,1804,235,6867,0.247706,0.716526,0.368144,829,0.299156,0.299156,559,442,0.790698,478,0.855098,502,0.898032
bgl,shingle,B,online,0.020,1.91649176,1,50,256,default,true,829,91,36,55,793,8616,0.395604,0.043426,0.078261,829,0.371532,0.371532,559,30,0.053667,33,0.059034,41,0.073345
bgl,shingle,B,online,0.050,1.12021506,1,50,256,default,true,829,544,174,370,655,8301,0.319853,0.209891,0.253460,829,0.371532,0.371532,559,157,0.280859,183,0.327370,211,0.377460
bgl,shingle,B,online,0.087,0.90381675,1,50,256,default,true,829,960,344,616,485,8055,0.358333,0.414958,0.384572,829,0.371532,0.371532,559,304,0.543828,335,0.599284,365,0.652952
bgl,shingle,B,online,0.100,0.86119464,1,50,256,default,true,829,1034,367,667,462,8004,0.354932,0.442702,0.393988,829,0.371532,0.371532,559,321,0.574240,354,0.633274,383,0.685152
bgl,shingle,B,frozen,0.020,1.91649176,1,50,256,default,true,829,437,94,343,735,8328,0.215103,0.113390,0.148499,829,0.255730,0.255730,559,80,0.143113,104,0.186047,126,0.225403
bgl,shingle,B,frozen,0.050,1.12021506,1,50,256,default,true,829,1619,439,1180,390,7491,0.271155,0.529554,0.358660,829,0.255730,0.255730,559,361,0.645796,404,0.722719,428,0.765653
bgl,shingle,B,frozen,0.087,0.90381675,1,50,256,default,true,829,2152,516,1636,313,7035,0.239777,0.622437,0.346193,829,0.255730,0.255730,559,419,0.749553,459,0.821109,479,0.856887
bgl,shingle,B,frozen,0.100,0.86119464,1,50,256,default,true,829,2303,533,1770,296,6901,0.231437,0.642943,0.340358,829,0.255730,0.255730,559,429,0.767442,466,0.833631,487,0.871199
bgl,shingle,B,online,0.020,1.35413539,2,50,256,default,false,829,118,37,81,792,8590,0.313559,0.044632,0.078141,829,0.287093,0.287093,559,29,0.051878,36,0.064401,43,0.076923
bgl,shingle,B,online,0.050,1.14067753,2,50,256,default,false,829,274,82,192,747,8479,0.299270,0.098914,0.148685,829,0.287093,0.287093,559,66,0.118068,81,0.144902,91,0.162791
bgl,shingle,B,online,0.087,0.98252361,2,50,256,default,false,829,553,166,387,663,8284,0.300181,0.200241,0.240232,829,0.287093,0.287093,559,139,0.248658,160,0.286225,181,0.323792
bgl,shingle,B,online,0.100,0.92738017,2,50,256,default,false,829,684,203,481,626,8190,0.296784,0.244873,0.268341,829,0.287093,0.287093,559,172,0.307692,196,0.350626,218,0.389982
bgl,shingle,B,frozen,0.020,1.35413539,2,50,256,default,false,829,596,136,460,693,8211,0.228188,0.164053,0.190877,829,0.236429,0.236429,559,105,0.187835,128,0.228980,151,0.270125
bgl,shingle,B,frozen,0.050,1.14067753,2,50,256,default,false,829,1127,264,863,565,7808,0.234250,0.318456,0.269939,829,0.236429,0.236429,559,201,0.359571,240,0.429338,264,0.472272
bgl,shingle,B,frozen,0.087,0.98252361,2,50,256,default,false,829,1768,382,1386,447,7285,0.216063,0.460796,0.294186,829,0.236429,0.236429,559,290,0.518784,335,0.599284,360,0.644007
bgl,shingle,B,frozen,0.100,0.92738017,2,50,256,default,false,829,2015,431,1584,398,7087,0.213896,0.519903,0.303094,829,0.236429,0.236429,559,317,0.567084,365,0.652952,388,0.694097
bgl,shingle,B,online,0.020,1.66888307,2,50,256,default,true,829,99,23,76,806,8595,0.232323,0.027744,0.049569,829,0.217129,0.217129,559,18,0.032200,25,0.044723,29,0.051878
bgl,shingle,B,online,0.050,1.17536330,2,50,256,default,true,829,366,69,297,760,8374,0.188525,0.083233,0.115481,829,0.217129,0.217129,559,57,0.101968,81,0.144902,91,0.162791
bgl,shingle,B,online,0.087,0.90335204,2,50,256,default,true,829,806,173,633,656,8038,0.214640,0.208685,0.211621,829,0.217129,0.217129,559,141,0.252236,203,0.363148,226,0.404293
bgl,shingle,B,online,0.100,0.85448064,2,50,256,default,true,829,927,196,731,633,7940,0.211435,0.236429,0.223235,829,0.217129,0.217129,559,159,0.284436,232,0.415027,255,0.456172
bgl,shingle,B,frozen,0.020,1.66888307,2,50,256,default,true,829,474,71,403,758,8268,0.149789,0.085645,0.108979,829,0.189385,0.189385,559,56,0.100179,81,0.144902,97,0.173524
bgl,shingle,B,frozen,0.050,1.17536330,2,50,256,default,true,829,1332,268,1064,561,7607,0.201201,0.323281,0.248033,829,0.189385,0.189385,559,209,0.373882,286,0.511628,310,0.554562
bgl,shingle,B,frozen,0.087,0.90335204,2,50,256,default,true,829,2333,467,1866,362,6805,0.200171,0.563329,0.295383,829,0.189385,0.189385,559,348,0.622540,410,0.733453,431,0.771020
bgl,shingle,B,frozen,0.100,0.85448064,2,50,256,default,true,829,2543,500,2043,329,6628,0.196618,0.603136,0.296560,829,0.189385,0.189385,559,368,0.658318,426,0.762075,449,0.803220
bgl,shingle,B,online,0.020,1.29599795,4,50,256,default,false,829,109,28,81,801,8590,0.256881,0.033776,0.059701,829,0.191797,0.191797,559,21,0.037567,25,0.044723,32,0.057245
bgl,shingle,B,online,0.050,1.07516840,4,50,256,default,false,829,284,60,224,769,8447,0.211268,0.072376,0.107817,829,0.191797,0.191797,559,41,0.073345,53,0.094812,60,0.107335
bgl,shingle,B,online,0.087,0.87219856,4,50,256,default,false,829,694,133,561,696,8110,0.191643,0.160434,0.174655,829,0.191797,0.191797,559,100,0.178891,129,0.230769,153,0.273703
bgl,shingle,B,online,0.100,0.84580163,4,50,256,default,false,829,780,149,631,680,8040,0.191026,0.179735,0.185208,829,0.191797,0.191797,559,109,0.194991,140,0.250447,166,0.296959
bgl,shingle,B,frozen,0.020,1.29599795,4,50,256,default,false,829,643,109,534,720,8137,0.169518,0.131484,0.148098,829,0.182147,0.182147,559,79,0.141324,95,0.169946,124,0.221825
bgl,shingle,B,frozen,0.050,1.07516840,4,50,256,default,false,829,1248,213,1035,616,7636,0.170673,0.256936,0.205104,829,0.182147,0.182147,559,150,0.268336,180,0.322004,209,0.373882
bgl,shingle,B,frozen,0.087,0.87219856,4,50,256,default,false,829,2387,366,2021,463,6650,0.153331,0.441496,0.227612,829,0.182147,0.182147,559,257,0.459750,288,0.515206,331,0.592129
bgl,shingle,B,frozen,0.100,0.84580163,4,50,256,default,false,829,2579,390,2189,439,6482,0.151221,0.470446,0.228873,829,0.182147,0.182147,559,274,0.490161,311,0.556351,356,0.636852
bgl,shingle,B,online,0.020,1.56615912,4,50,256,default,true,829,91,15,76,814,8595,0.164835,0.018094,0.032609,829,0.186972,0.186972,559,12,0.021467,14,0.025045,16,0.028623
bgl,shingle,B,online,0.050,1.09714857,4,50,256,default,true,829,389,64,325,765,8346,0.164524,0.077201,0.105090,829,0.186972,0.186972,559,48,0.085868,60,0.107335,69,0.123435
bgl,shingle,B,online,0.087,0.89302823,4,50,256,default,true,829,655,119,536,710,8135,0.181679,0.143546,0.160377,829,0.186972,0.186972,559,90,0.161002,109,0.194991,133,0.237925
bgl,shingle,B,online,0.100,0.83111686,4,50,256,default,true,829,773,146,627,683,8044,0.188875,0.176116,0.182272,829,0.186972,0.186972,559,111,0.198569,131,0.234347,162,0.289803
bgl,shingle,B,frozen,0.020,1.56615912,4,50,256,default,true,829,499,72,427,757,8244,0.144289,0.086852,0.108434,829,0.176116,0.176116,559,52,0.093023,63,0.112701,78,0.139535
bgl,shingle,B,frozen,0.050,1.09714857,4,50,256,default,true,829,1351,242,1109,587,7562,0.179127,0.291918,0.222018,829,0.176116,0.176116,559,173,0.309481,202,0.361360,242,0.432916
bgl,shingle,B,frozen,0.087,0.89302823,4,50,256,default,true,829,2355,419,1936,410,6735,0.177919,0.505428,0.263191,829,0.176116,0.176116,559,301,0.538462,343,0.613596,375,0.670841
bgl,shingle,B,frozen,0.100,0.83111686,4,50,256,default,true,829,2720,470,2250,359,6421,0.172794,0.566948,0.264863,829,0.176116,0.176116,559,330,0.590340,379,0.677996,411,0.735242
bgl,shingle,B,online,0.020,1.19662061,6,50,256,default,false,829,114,25,89,804,8582,0.219298,0.030157,0.053022,829,0.194210,0.194210,559,19,0.033989,23,0.041145,26,0.046512
bgl,shingle,B,online,0.050,0.99927551,6,50,256,default,false,829,310,57,253,772,8418,0.183871,0.068758,0.100088,829,0.194210,0.194210,559,40,0.071556,48,0.085868,60,0.107335
bgl,shingle,B,online,0.087,0.91967688,6,50,256,default,false,829,443,84,359,745,8312,0.189616,0.101327,0.132075,829,0.194210,0.194210,559,59,0.105546,75,0.134168,82,0.146691
bgl,shingle,B,online,0.100,0.86907986,6,50,256,default,false,829,556,108,448,721,8223,0.194245,0.130277,0.155957,829,0.194210,0.194210,559,74,0.132379,93,0.166369,103,0.184258
bgl,shingle,B,frozen,0.020,1.19662061,6,50,256,default,false,829,818,135,683,694,7988,0.165037,0.162847,0.163934,829,0.165259,0.165259,559,92,0.164580,114,0.203936,126,0.225403
bgl,shingle,B,frozen,0.050,0.99927551,6,50,256,default,false,829,1604,255,1349,574,7322,0.158978,0.307600,0.209618,829,0.165259,0.165259,559,174,0.311270,201,0.359571,228,0.407871
bgl,shingle,B,frozen,0.087,0.91967688,6,50,256,default,false,829,2035,316,1719,513,6952,0.155283,0.381182,0.220670,829,0.165259,0.165259,559,211,0.377460,250,0.447227,277,0.495528
bgl,shingle,B,frozen,0.100,0.86907986,6,50,256,default,false,829,2399,357,2042,472,6629,0.148812,0.430639,0.221190,829,0.165259,0.165259,559,239,0.427549,284,0.508050,314,0.561717
bgl,shingle,B,online,0.020,1.46187026,6,50,256,default,true,829,116,18,98,811,8573,0.155172,0.021713,0.038095,829,0.173703,0.173703,559,13,0.023256,16,0.028623,19,0.033989
bgl,shingle,B,online,0.050,1.00260090,6,50,256,default,true,829,467,64,403,765,8268,0.137045,0.077201,0.098765,829,0.173703,0.173703,559,43,0.076923,58,0.103757,68,0.121646
bgl,shingle,B,online,0.087,0.84063746,6,50,256,default,true,829,708,118,590,711,8081,0.166667,0.142340,0.153546,829,0.173703,0.173703,559,85,0.152057,93,0.166369,110,0.196780
bgl,shingle,B,online,0.100,0.80555413,6,50,256,default,true,829,787,138,649,691,8022,0.175349,0.166466,0.170792,829,0.173703,0.173703,559,98,0.175313,108,0.193202,125,0.223614
bgl,shingle,B,frozen,0.020,1.46187026,6,50,256,default,true,829,550,79,471,750,8200,0.143636,0.095296,0.114576,829,0.160434,0.160434,559,54,0.096601,65,0.116279,68,0.121646
bgl,shingle,B,frozen,0.050,1.00260090,6,50,256,default,true,829,1419,217,1202,612,7469,0.152925,0.261761,0.193060,829,0.160434,0.160434,559,148,0.264758,181,0.323792,199,0.355993
bgl,shingle,B,frozen,0.087,0.84063746,6,50,256,default,true,829,2147,336,1811,493,6860,0.156497,0.405308,0.225806,829,0.160434,0.160434,559,229,0.409660,279,0.499106,302,0.540250
bgl,shingle,B,frozen,0.100,0.80555413,6,50,256,default,true,829,2348,367,1981,462,6690,0.156303,0.442702,0.231036,829,0.160434,0.160434,559,246,0.440072,295,0.527728,323,0.577818
bgl,top25,B25,online,0.020,1.37700544,2,50,256,default,false,829,123,46,77,783,8594,0.373984,0.055489,0.096639,829,0.314837,0.314837,559,38,0.067979,41,0.073345,46,0.082290
bgl,top25,B25,online,0.050,1.10938241,2,50,256,default,false,829,394,130,264,699,8407,0.329949,0.156815,0.212592,829,0.314837,0.314837,559,103,0.184258,121,0.216458,134,0.239714
bgl,top25,B25,online,0.087,0.93669447,2,50,256,default,false,829,788,250,538,579,8133,0.317259,0.301568,0.309215,829,0.314837,0.314837,559,188,0.336315,215,0.384615,232,0.415027
bgl,top25,B25,online,0.100,0.88826824,2,50,256,default,false,829,989,300,689,529,7982,0.303337,0.361882,0.330033,829,0.314837,0.314837,559,222,0.397138,261,0.466905,285,0.509839
bgl,top25,B25,frozen,0.020,1.37700544,2,50,256,default,false,829,585,150,435,679,8236,0.256410,0.180941,0.212164,829,0.235223,0.235223,559,118,0.211091,142,0.254025,168,0.300537
bgl,top25,B25,frozen,0.050,1.10938241,2,50,256,default,false,829,1269,276,993,553,7678,0.217494,0.332931,0.263108,829,0.235223,0.235223,559,203,0.363148,240,0.429338,262,0.468694
bgl,top25,B25,frozen,0.087,0.93669447,2,50,256,default,false,829,1961,412,1549,417,7122,0.210097,0.496984,0.295341,829,0.235223,0.235223,559,284,0.508050,338,0.604651,360,0.644007
bgl,top25,B25,frozen,0.100,0.88826824,2,50,256,default,false,829,2221,459,1762,370,6909,0.206664,0.553679,0.300984,829,0.235223,0.235223,559,318,0.568873,363,0.649374,399,0.713775
bgl,augmented_rates,BR,online,0.020,1.31015250,2,50,256,default,false,829,127,30,97,799,8574,0.236220,0.036188,0.062762,829,0.287093,0.287093,559,22,0.039356,37,0.066190,43,0.076923
bgl,augmented_rates,BR,online,0.050,1.10409408,2,50,256,default,false,829,313,86,227,743,8444,0.274760,0.103739,0.150613,829,0.287093,0.287093,559,70,0.125224,92,0.164580,104,0.186047
bgl,augmented_rates,BR,online,0.087,0.95952588,2,50,256,default,false,829,636,185,451,644,8220,0.290881,0.223160,0.252560,829,0.287093,0.287093,559,149,0.266547,190,0.339893,215,0.384615
bgl,augmented_rates,BR,online,0.100,0.90840643,2,50,256,default,false,829,856,246,610,583,8061,0.287383,0.296743,0.291988,829,0.287093,0.287093,559,190,0.339893,246,0.440072,271,0.484794
bgl,augmented_rates,BR,frozen,0.020,1.31015250,2,50,256,default,false,829,1449,264,1185,565,7486,0.182195,0.318456,0.231782,829,0.226779,0.226779,559,208,0.372093,244,0.436494,276,0.493739
bgl,augmented_rates,BR,frozen,0.050,1.10409408,2,50,256,default,false,829,2632,395,2237,434,6434,0.150076,0.476478,0.228258,829,0.226779,0.226779,559,297,0.531306,355,0.635063,384,0.686941
bgl,augmented_rates,BR,frozen,0.087,0.95952588,2,50,256,default,false,829,3410,507,2903,322,5768,0.148680,0.611580,0.239207,829,0.226779,0.226779,559,375,0.670841,419,0.749553,443,0.792487
bgl,augmented_rates,BR,frozen,0.100,0.90840643,2,50,256,default,false,829,3692,557,3135,272,5536,0.150867,0.671894,0.246406,829,0.226779,0.226779,559,409,0.731664,448,0.801431,471,0.842576
bgl,augmented_rates_norm,BR,online,0.020,1.60343673,2,50,256,default,true,829,121,28,93,801,8578,0.231405,0.033776,0.058947,829,0.215923,0.215923,559,21,0.037567,29,0.051878,32,0.057245
bgl,augmented_rates_norm,BR,online,0.050,1.15797172,2,50,256,default,true,829,383,65,318,764,8353,0.169713,0.078408,0.107261,829,0.215923,0.215923,559,52,0.093023,71,0.127013,93,0.166369
bgl,augmented_rates_norm,BR,online,0.087,0.91545398,2,50,256,default,true,829,741,159,582,670,8089,0.214575,0.191797,0.202548,829,0.215923,0.215923,559,128,0.228980,177,0.316637,199,0.355993
bgl,augmented_rates_norm,BR,online,0.100,0.86114645,2,50,256,default,true,829,903,207,696,622,7975,0.229236,0.249698,0.239030,829,0.215923,0.215923,559,166,0.296959,218,0.389982,241,0.431127
bgl,augmented_rates_norm,BR,frozen,0.020,1.60343673,2,50,256,default,true,829,571,87,484,742,8187,0.152364,0.104946,0.124286,829,0.184560,0.184560,559,68,0.121646,92,0.164580,120,0.214669
bgl,augmented_rates_norm,BR,frozen,0.050,1.15797172,2,50,256,default,true,829,1501,293,1208,536,7463,0.195203,0.353438,0.251502,829,0.184560,0.184560,559,227,0.406082,280,0.500894,313,0.559928
bgl,augmented_rates_norm,BR,frozen,0.087,0.91545398,2,50,256,default,true,829,2590,440,2150,389,6521,0.169884,0.530760,0.257385,829,0.184560,0.184560,559,339,0.606440,400,0.715564,427,0.763864
bgl,augmented_rates_norm,BR,frozen,0.100,0.86114645,2,50,256,default,true,829,2893,492,2401,337,6270,0.170066,0.593486,0.264374,829,0.184560,0.184560,559,375,0.670841,429,0.767442,454,0.812165
bgl,top25,B25,online,0.020,1.22992954,4,50,256,default,false,829,123,39,84,790,8587,0.317073,0.047045,0.081933,829,0.215923,0.215923,559,25,0.044723,28,0.050089,35,0.062612
bgl,top25,B25,online,0.050,1.02408907,4,50,256,default,false,829,350,77,273,752,8398,0.220000,0.092883,0.130619,829,0.215923,0.215923,559,58,0.103757,73,0.130590,92,0.164580
bgl,top25,B25,online,0.087,0.91095367,4,50,256,default,false,829,609,140,469,689,8202,0.229885,0.168878,0.194715,829,0.215923,0.215923,559,103,0.184258,127,0.227191,153,0.273703
bgl,top25,B25,online,0.100,0.88959793,4,50,256,default,false,829,690,152,538,677,8133,0.220290,0.183353,0.200132,829,0.215923,0.215923,559,112,0.200358,145,0.259392,178,0.318426
bgl,top25,B25,frozen,0.020,1.22992954,4,50,256,default,false,829,412,76,336,753,8335,0.184466,0.091677,0.122482,829,0.179735,0.179735,559,55,0.098390,66,0.118068,91,0.162791
bgl,top25,B25,frozen,0.050,1.02408907,4,50,256,default,false,829,923,164,759,665,7912,0.177681,0.197829,0.187215,829,0.179735,0.179735,559,120,0.214669,151,0.270125,176,0.314848
bgl,top25,B25,frozen,0.087,0.91095367,4,50,256,default,false,829,1450,264,1186,565,7485,0.182069,0.318456,0.231681,829,0.179735,0.179735,559,182,0.325581,210,0.375671,240,0.429338
bgl,top25,B25,frozen,0.100,0.88959793,4,50,256,default,false,829,1568,277,1291,552,7380,0.176658,0.334138,0.231122,829,0.179735,0.179735,559,191,0.341682,221,0.395349,256,0.457961
bgl,augmented_rates,BR,online,0.020,1.22493961,4,50,256,default,false,829,125,29,96,800,8575,0.232000,0.034982,0.060797,829,0.221954,0.221954,559,20,0.035778,22,0.039356,32,0.057245
bgl,augmented_rates,BR,online,0.050,1.03022777,4,50,256,default,false,829,293,68,225,761,8446,0.232082,0.082027,0.121212,829,0.221954,0.221954,559,51,0.091234,60,0.107335,68,0.121646
bgl,augmented_rates,BR,online,0.087,0.91043599,4,50,256,default,false,829,572,129,443,700,8228,0.225524,0.155609,0.184154,829,0.221954,0.221954,559,99,0.177102,113,0.202147,136,0.243292
bgl,augmented_rates,BR,online,0.100,0.88036651,4,50,256,default,false,829,684,151,533,678,8138,0.220760,0.182147,0.199603,829,0.221954,0.221954,559,117,0.209302,140,0.250447,171,0.305903
bgl,augmented_rates,BR,frozen,0.020,1.22493961,4,50,256,default,false,829,1309,193,1116,636,7555,0.147441,0.232811,0.180543,829,0.164053,0.164053,559,140,0.250447,163,0.291592,189,0.338104
bgl,augmented_rates,BR,frozen,0.050,1.03022777,4,50,256,default,false,829,2568,324,2244,505,6427,0.126168,0.390832,0.190757,829,0.164053,0.164053,559,235,0.420394,258,0.461538,298,0.533095
bgl,augmented_rates,BR,frozen,0.087,0.91043599,4,50,256,default,false,829,3434,421,3013,408,5658,0.122598,0.507841,0.197513,829,0.164053,0.164053,559,297,0.531306,335,0.599284,381,0.681574
bgl,augmented_rates,BR,frozen,0.100,0.88036651,4,50,256,default,false,829,3640,455,3185,374,5486,0.125000,0.548854,0.203625,829,0.164053,0.164053,559,316,0.565295,357,0.638640,403,0.720930
bgl,augmented_rates_norm,BR,online,0.020,1.43059449,4,50,256,default,true,829,120,23,97,806,8574,0.191667,0.027744,0.048472,829,0.208685,0.208685,559,18,0.032200,23,0.041145,26,0.046512
bgl,augmented_rates_norm,BR,online,0.050,1.05781731,4,50,256,default,true,829,391,78,313,751,8358,0.199488,0.094089,0.127869,829,0.208685,0.208685,559,57,0.101968,67,0.119857,77,0.137746
bgl,augmented_rates_norm,BR,online,0.087,0.88837469,4,50,256,default,true,829,627,129,498,700,8173,0.205742,0.155609,0.177198,829,0.208685,0.208685,559,101,0.180680,119,0.212880,135,0.241503
bgl,augmented_rates_norm,BR,online,0.100,0.84297899,4,50,256,default,true,829,751,158,593,671,8078,0.210386,0.190591,0.200000,829,0.208685,0.208685,559,120,0.214669,141,0.252236,163,0.291592
bgl,augmented_rates_norm,BR,frozen,0.020,1.43059449,4,50,256,default,true,829,595,92,503,737,8168,0.154622,0.110977,0.129213,829,0.167672,0.167672,559,69,0.123435,85,0.152057,100,0.178891
bgl,augmented_rates_norm,BR,frozen,0.050,1.05781731,4,50,256,default,true,829,1449,249,1200,580,7471,0.171843,0.300362,0.218613,829,0.167672,0.167672,559,184,0.329159,214,0.382826,245,0.438283
bgl,augmented_rates_norm,BR,frozen,0.087,0.88837469,4,50,256,default,true,829,2399,401,1998,428,6673,0.167153,0.483715,0.248451,829,0.167672,0.167672,559,297,0.531306,332,0.593918,366,0.654741
bgl,augmented_rates_norm,BR,frozen,0.100,0.84297899,4,50,256,default,true,829,2699,442,2257,387,6414,0.163764,0.533172,0.250567,829,0.167672,0.167672,559,325,0.581395,364,0.651163,396,0.708408
bgl,top25,B25,online,0.020,1.16552795,6,50,256,default,false,829,145,31,114,798,8557,0.213793,0.037394,0.063655,829,0.215923,0.215923,559,19,0.033989,24,0.042934,27,0.048301
bgl,top25,B25,online,0.050,0.94878091,6,50,256,default,false,829,419,90,329,739,8342,0.214797,0.108565,0.144231,829,0.215923,0.215923,559,63,0.112701,77,0.137746,86,0.153846
bgl,top25,B25,online,0.087,0.85920179,6,50,256,default,false,829,697,157,540,672,8131,0.225251,0.189385,0.205767,829,0.215923,0.215923,559,95,0.169946,111,0.198569,132,0.236136
bgl,top25,B25,online,0.100,0.82962544,6,50,256,default,false,829,828,179,649,650,8022,0.216184,0.215923,0.216053,829,0.215923,0.215923,559,110,0.196780,122,0.218247,145,0.259392
bgl,top25,B25,frozen,0.020,1.16552795,6,50,256,default,false,829,592,122,470,707,8201,0.206081,0.147165,0.171710,829,0.201448,0.201448,559,86,0.153846,91,0.162791,98,0.175313
bgl,top25,B25,frozen,0.050,0.94878091,6,50,256,default,false,829,1400,251,1149,578,7522,0.179286,0.302774,0.225213,829,0.201448,0.201448,559,167,0.298748,183,0.327370,200,0.357782
bgl,top25,B25,frozen,0.087,0.85920179,6,50,256,default,false,829,1956,323,1633,506,7038,0.165133,0.389626,0.231957,829,0.201448,0.201448,559,211,0.377460,232,0.415027,259,0.463327
bgl,top25,B25,frozen,0.100,0.82962544,6,50,256,default,false,829,2189,349,1840,480,6831,0.159434,0.420989,0.231279,829,0.201448,0.201448,559,227,0.406082,250,0.447227,278,0.497317
bgl,augmented_rates,BR,online,0.020,1.19733406,6,50,256,default,false,829,113,21,92,808,8579,0.185841,0.025332,0.044586,829,0.196622,0.196622,559,14,0.025045,21,0.037567,26,0.046512
bgl,augmented_rates,BR,online,0.050,1.02186249,6,50,256,default,false,829,309,64,245,765,8426,0.207120,0.077201,0.112478,829,0.196622,0.196622,559,44,0.078712,49,0.087657,56,0.100179
bgl,augmented_rates,BR,online,0.087,0.89526823,6,50,256,default,false,829,681,141,540,688,8131,0.207048,0.170084,0.186755,829,0.196622,0.196622,559,104,0.186047,118,0.211091,133,0.237925
bgl,augmented_rates,BR,online,0.100,0.86644650,6,50,256,default,false,829,794,158,636,671,8035,0.198992,0.190591,0.194701,829,0.196622,0.196622,559,119,0.212880,137,0.245081,157,0.280859
bgl,augmented_rates,BR,frozen,0.020,1.19733406,6,50,256,default,false,829,2151,242,1909,587,6762,0.112506,0.291918,0.162416,829,0.147165,0.147165,559,170,0.304114,192,0.343470,210,0.375671
bgl,augmented_rates,BR,frozen,0.050,1.02186249,6,50,256,default,false,829,3207,373,2834,456,5837,0.116308,0.449940,0.184836,829,0.147165,0.147165,559,258,0.461538,283,0.506261,308,0.550984
bgl,augmented_rates,BR,frozen,0.087,0.89526823,6,50,256,default,false,829,4023,486,3537,343,5134,0.120805,0.586248,0.200330,829,0.147165,0.147165,559,332,0.593918,355,0.635063,381,0.681574
bgl,augmented_rates,BR,frozen,0.100,0.86644650,6,50,256,default,false,829,4219,518,3701,311,4970,0.122778,0.624849,0.205230,829,0.147165,0.147165,559,355,0.635063,373,0.667263,401,0.717352
bgl,augmented_rates_norm,BR,online,0.020,1.48352203,6,50,256,default,true,829,91,15,76,814,8595,0.164835,0.018094,0.032609,829,0.172497,0.172497,559,10,0.017889,15,0.026834,17,0.030411
bgl,augmented_rates_norm,BR,online,0.050,1.05078087,6,50,256,default,true,829,395,64,331,765,8340,0.162025,0.077201,0.104575,829,0.172497,0.172497,559,43,0.076923,52,0.093023,59,0.105546
bgl,augmented_rates_norm,BR,online,0.087,0.85325988,6,50,256,default,true,829,758,130,628,699,8043,0.171504,0.156815,0.163831,829,0.172497,0.172497,559,93,0.166369,110,0.196780,121,0.216458
bgl,augmented_rates_norm,BR,online,0.100,0.82099915,6,50,256,default,true,829,856,150,706,679,7965,0.175234,0.180941,0.178042,829,0.172497,0.172497,559,107,0.191413,119,0.212880,139,0.248658
bgl,augmented_rates_norm,BR,frozen,0.020,1.48352203,6,50,256,default,true,829,581,83,498,746,8173,0.142857,0.100121,0.117730,829,0.145959,0.145959,559,57,0.101968,67,0.119857,77,0.137746
bgl,augmented_rates_norm,BR,frozen,0.050,1.05078087,6,50,256,default,true,829,1613,238,1375,591,7296,0.147551,0.287093,0.194922,829,0.145959,0.145959,559,164,0.293381,190,0.339893,216,0.386404
bgl,augmented_rates_norm,BR,frozen,0.087,0.85325988,6,50,256,default,true,829,2780,394,2386,435,6285,0.141727,0.475271,0.218343,829,0.145959,0.145959,559,270,0.483005,309,0.552773,344,0.615385
bgl,augmented_rates_norm,BR,frozen,0.100,0.82099915,6,50,256,default,true,829,3083,428,2655,401,6016,0.138826,0.516285,0.218814,829,0.145959,0.145959,559,295,0.527728,335,0.599284,370,0.661896
bgl,hash,C,online,0.020,1.55366673,1,50,256,default,false,829,117,66,51,763,8620,0.564103,0.079614,0.139535,829,0.367913,0.367913,559,58,0.103757,60,0.107335,71,0.127013
bgl,hash,C,online,0.050,1.20333409,1,50,256,default,false,829,375,165,210,664,8461,0.440000,0.199035,0.274086,829,0.367913,0.367913,559,138,0.246869,151,0.270125,167,0.298748
bgl,hash,C,online,0.087,0.99004258,1,50,256,default,false,829,803,297,506,532,8165,0.369863,0.358263,0.363971,829,0.367913,0.367913,559,253,0.452594,280,0.500894,305,0.545617
bgl,hash,C,online,0.100,0.94449786,1,50,256,default,false,829,930,337,593,492,8078,0.362366,0.406514,0.383172,829,0.367913,0.367913,559,286,0.511628,320,0.572451,344,0.615385
bgl,hash,C,frozen,0.020,1.55366673,1,50,256,default,false,829,706,228,478,601,8193,0.322946,0.275030,0.297068,829,0.313631,0.313631,559,189,0.338104,216,0.386404,244,0.436494
bgl,hash,C,frozen,0.050,1.20333409,1,50,256,default,false,829,1409,388,1021,441,7650,0.275373,0.468034,0.346738,829,0.313631,0.313631,559,316,0.565295,359,0.642218,382,0.683363
bgl,hash,C,frozen,0.087,0.99004258,1,50,256,default,false,829,2094,575,1519,254,7152,0.274594,0.693607,0.393431,829,0.313631,0.313631,559,425,0.760286,460,0.822898,488,0.872987
bgl,hash,C,frozen,0.100,0.94449786,1,50,256,default,false,829,2242,599,1643,230,7028,0.267172,0.722557,0.390101,829,0.313631,0.313631,559,442,0.790698,475,0.849732,502,0.898032
bgl,hash,C,online,0.020,1.36806337,2,50,256,default,false,829,134,52,82,777,8589,0.388060,0.062726,0.107996,829,0.275030,0.275030,559,38,0.067979,48,0.085868,56,0.100179
bgl,hash,C,online,0.050,1.06058057,2,50,256,default,false,829,406,124,282,705,8389,0.305419,0.149578,0.200810,829,0.275030,0.275030,559,95,0.169946,120,0.214669,135,0.241503
bgl,hash,C,online,0.087,0.91439312,2,50,256,default,false,829,703,197,506,632,8165,0.280228,0.237636,0.257180,829,0.275030,0.275030,559,150,0.268336,188,0.336315,201,0.359571
bgl,hash,C,online,0.100,0.87534962,2,50,256,default,false,829,804,223,581,606,8090,0.277363,0.268999,0.273117,829,0.275030,0.275030,559,173,0.309481,212,0.379249,233,0.416816
bgl,hash,C,frozen,0.020,1.36806337,2,50,256,default,false,829,735,178,557,651,8114,0.242177,0.214717,0.227621,829,0.237636,0.237636,559,135,0.241503,167,0.298748,188,0.336315
bgl,hash,C,frozen,0.050,1.06058057,2,50,256,default,false,829,1526,317,1209,512,7462,0.207733,0.382388,0.269214,829,0.237636,0.237636,559,232,0.415027,285,0.509839,316,0.565295
bgl,hash,C,frozen,0.087,0.91439312,2,50,256,default,false,829,2079,398,1681,431,6990,0.191438,0.480097,0.273728,829,0.237636,0.237636,559,291,0.520572,356,0.636852,384,0.686941
bgl,hash,C,frozen,0.100,0.87534962,2,50,256,default,false,829,2285,426,1859,403,6812,0.186433,0.513872,0.273603,829,0.237636,0.237636,559,308,0.550984,378,0.676208,406,0.726297
bgl,hash,C,online,0.020,1.27771679,4,50,256,default,false,829,178,40,138,789,8533,0.224719,0.048251,0.079444,829,0.219542,0.219542,559,29,0.051878,41,0.073345,49,0.087657
bgl,hash,C,online,0.050,1.03470953,4,50,256,default,false,829,447,97,350,732,8321,0.217002,0.117008,0.152038,829,0.219542,0.219542,559,67,0.119857,76,0.135957,95,0.169946
bgl,hash,C,online,0.087,0.92516403,4,50,256,default,false,829,679,149,530,680,8141,0.219440,0.179735,0.197613,829,0.219542,0.219542,559,105,0.187835,122,0.218247,158,0.282648
bgl,hash,C,online,0.100,0.89091737,4,50,256,default,false,829,769,169,600,660,8071,0.219766,0.203860,0.211514,829,0.219542,0.219542,559,120,0.214669,136,0.243292,167,0.298748
bgl,hash,C,frozen,0.020,1.27771679,4,50,256,default,false,829,791,150,641,679,8030,0.189633,0.180941,0.185185,829,0.188179,0.188179,559,108,0.193202,126,0.225403,147,0.262970
bgl,hash,C,frozen,0.050,1.03470953,4,50,256,default,false,829,1577,269,1308,560,7363,0.170577,0.324487,0.223608,829,0.188179,0.188179,559,188,0.336315,230,0.411449,272,0.486583
bgl,hash,C,frozen,0.087,0.92516403,4,50,256,default,false,829,2176,358,1818,471,6853,0.164522,0.431846,0.238270,829,0.188179,0.188179,559,251,0.449016,291,0.520572,339,0.606440
bgl,hash,C,frozen,0.100,0.89091737,4,50,256,default,false,829,2422,382,2040,447,6631,0.157721,0.460796,0.235005,829,0.188179,0.188179,559,269,0.481216,314,0.561717,366,0.654741
bgl,sample_size,B,online,0.020,1.42611573,4,50,64,default,false,829,231,50,181,779,8490,0.216450,0.060314,0.094340,829,0.207479,0.207479,559,36,0.064401,47,0.084079,56,0.100179
bgl,sample_size,B,online,0.050,1.20477330,4,50,64,default,false,829,573,126,447,703,8224,0.219895,0.151990,0.179743,829,0.207479,0.207479,559,96,0.171735,113,0.202147,138,0.246869
bgl,sample_size,B,online,0.087,1.07810015,4,50,64,default,false,829,948,193,755,636,7916,0.203586,0.232811,0.217220,829,0.207479,0.207479,559,150,0.268336,172,0.307692,206,0.368515
bgl,sample_size,B,online,0.100,1.04212294,4,50,64,default,false,829,1101,219,882,610,7789,0.198910,0.264174,0.226943,829,0.207479,0.207479,559,169,0.302326,191,0.341682,227,0.406082
bgl,sample_size,B,frozen,0.020,1.42611573,4,50,64,default,false,829,758,152,606,677,8065,0.200528,0.183353,0.191556,829,0.205066,0.205066,559,104,0.186047,121,0.216458,144,0.257603
bgl,sample_size,B,frozen,0.050,1.20477330,4,50,64,default,false,829,1473,287,1186,542,7485,0.194840,0.346200,0.249348,829,0.205066,0.205066,559,197,0.352415,230,0.411449,267,0.477639
bgl,sample_size,B,frozen,0.087,1.07810015,4,50,64,default,false,829,2218,410,1808,419,6863,0.184851,0.494572,0.269117,829,0.205066,0.205066,559,282,0.504472,315,0.563506,360,0.644007
bgl,sample_size,B,frozen,0.100,1.04212294,4,50,64,default,false,829,2484,448,2036,381,6635,0.180354,0.540410,0.270450,829,0.205066,0.205066,559,306,0.547406,339,0.606440,381,0.681574
bgl,sample_size,B,online,0.020,1.29599795,4,50,128,default,false,829,218,41,177,788,8494,0.188073,0.049457,0.078319,829,0.197829,0.197829,559,28,0.050089,34,0.060823,45,0.080501
bgl,sample_size,B,online,0.050,1.14126464,4,50,128,default,false,829,384,70,314,759,8357,0.182292,0.084439,0.115416,829,0.197829,0.197829,559,51,0.091234,66,0.118068,86,0.153846
bgl,sample_size,B,online,0.087,0.99436925,4,50,128,default,false,829,690,130,560,699,8111,0.188406,0.156815,0.171165,829,0.197829,0.197829,559,96,0.171735,120,0.214669,157,0.280859
bgl,sample_size,B,online,0.100,0.95104791,4,50,128,default,false,829,829,164,665,665,8006,0.197829,0.197829,0.197829,829,0.197829,0.197829,559,121,0.216458,147,0.262970,187,0.334526
bgl,sample_size,B,frozen,0.020,1.29599795,4,50,128,default,false,829,848,160,688,669,7983,0.188679,0.193004,0.190817,829,0.185766,0.185766,559,111,0.198569,139,0.248658,159,0.284436
bgl,sample_size,B,frozen,0.050,1.14126464,4,50,128,default,false,829,1329,243,1086,586,7585,0.182844,0.293124,0.225209,829,0.185766,0.185766,559,167,0.298748,198,0.354204,233,0.416816
bgl,sample_size,B,frozen,0.087,0.99436925,4,50,128,default,false,829,2061,347,1714,482,6957,0.168365,0.418577,0.240138,829,0.185766,0.185766,559,231,0.413238,264,0.472272,318,0.568873
bgl,sample_size,B,frozen,0.100,0.95104791,4,50,128,default,false,829,2383,393,1990,436,6681,0.164918,0.474065,0.244707,829,0.185766,0.185766,559,262,0.468694,301,0.538462,356,0.636852
bgl,sample_size,B,online,0.020,1.29599795,4,50,256,default,false,829,109,28,81,801,8590,0.256881,0.033776,0.059701,829,0.191797,0.191797,559,21,0.037567,25,0.044723,32,0.057245
bgl,sample_size,B,online,0.050,1.07516840,4,50,256,default,false,829,284,60,224,769,8447,0.211268,0.072376,0.107817,829,0.191797,0.191797,559,41,0.073345,53,0.094812,60,0.107335
bgl,sample_size,B,online,0.087,0.87219856,4,50,256,default,false,829,694,133,561,696,8110,0.191643,0.160434,0.174655,829,0.191797,0.191797,559,100,0.178891,129,0.230769,153,0.273703
bgl,sample_size,B,online,0.100,0.84580163,4,50,256,default,false,829,780,149,631,680,8040,0.191026,0.179735,0.185208,829,0.191797,0.191797,559,109,0.194991,140,0.250447,166,0.296959
bgl,sample_size,B,frozen,0.020,1.29599795,4,50,256,default,false,829,643,109,534,720,8137,0.169518,0.131484,0.148098,829,0.182147,0.182147,559,79,0.141324,95,0.169946,124,0.221825
bgl,sample_size,B,frozen,0.050,1.07516840,4,50,256,default,false,829,1248,213,1035,616,7636,0.170673,0.256936,0.205104,829,0.182147,0.182147,559,150,0.268336,180,0.322004,209,0.373882
bgl,sample_size,B,frozen,0.087,0.87219856,4,50,256,default,false,829,2387,366,2021,463,6650,0.153331,0.441496,0.227612,829,0.182147,0.182147,559,257,0.459750,288,0.515206,331,0.592129
bgl,sample_size,B,frozen,0.100,0.84580163,4,50,256,default,false,829,2579,390,2189,439,6482,0.151221,0.470446,0.228873,829,0.182147,0.182147,559,274,0.490161,311,0.556351,356,0.636852
bgl,sample_size,B,online,0.020,1.22225756,4,50,512,default,false,829,91,22,69,807,8602,0.241758,0.026538,0.047826,829,0.226779,0.226779,559,16,0.028623,19,0.033989,22,0.039356
bgl,sample_size,B,online,0.050,1.00962504,4,50,512,default,false,829,222,44,178,785,8493,0.198198,0.053076,0.083730,829,0.226779,0.226779,559,29,0.051878,39,0.069767,50,0.089445
bgl,sample_size,B,online,0.087,0.84852895,4,50,512,default,false,829,447,91,356,738,8315,0.203579,0.109771,0.142633,829,0.226779,0.226779,559,68,0.121646,82,0.146691,99,0.177102
bgl,sample_size,B,online,0.100,0.81331425,4,50,512,default,false,829,518,112,406,717,8265,0.216216,0.135103,0.166295,829,0.226779,0.226779,559,87,0.155635,103,0.184258,126,0.225403
bgl,sample_size,B,frozen,0.020,1.22225756,4,50,512,default,false,829,619,106,513,723,8158,0.171244,0.127865,0.146409,829,0.174910,0.174910,559,78,0.139535,93,0.166369,118,0.211091
bgl,sample_size,B,frozen,0.050,1.00962504,4,50,512,default,false,829,1206,205,1001,624,7670,0.169983,0.247286,0.201474,829,0.174910,0.174910,559,149,0.266547,171,0.305903,194,0.347048
bgl,sample_size,B,frozen,0.087,0.84852895,4,50,512,default,false,829,1939,308,1631,521,7040,0.158845,0.371532,0.222543,829,0.174910,0.174910,559,217,0.388193,247,0.441860,286,0.511628
bgl,sample_size,B,frozen,0.100,0.81331425,4,50,512,default,false,829,2147,339,1808,490,6863,0.157895,0.408926,0.227823,829,0.174910,0.174910,559,241,0.431127,267,0.477639,306,0.547406
bgl,trees_100,B,online,0.020,1.28385607,4,100,128,default,false,829,217,45,172,784,8499,0.207373,0.054282,0.086042,829,0.208685,0.208685,559,31,0.055456,36,0.064401,44,0.078712
bgl,trees_100,B,online,0.050,1.11495282,4,100,128,default,false,829,429,81,348,748,8323,0.188811,0.097708,0.128776,829,0.208685,0.208685,559,59,0.105546,70,0.125224,90,0.161002
bgl,trees_100,B,online,0.087,1.00612002,4,100,128,default,false,829,681,132,549,697,8122,0.193833,0.159228,0.174834,829,0.208685,0.208685,559,97,0.173524,124,0.221825,150,0.268336
bgl,trees_100,B,online,0.100,0.94459962,4,100,128,default,false,829,880,188,692,641,7979,0.213636,0.226779,0.220012,829,0.208685,0.208685,559,136,0.243292,156,0.279070,186,0.332737
bgl,trees_100,B,frozen,0.020,1.28385607,4,100,128,default,false,829,828,149,679,680,7992,0.179952,0.179735,0.179843,829,0.180941,0.180941,559,105,0.187835,129,0.230769,153,0.273703
bgl,trees_100,B,frozen,0.050,1.11495282,4,100,128,default,false,829,1396,261,1135,568,7536,0.186963,0.314837,0.234607,829,0.180941,0.180941,559,180,0.322004,205,0.366726,248,0.443649
bgl,trees_100,B,frozen,0.087,1.00612002,4,100,128,default,false,829,1937,325,1612,504,7059,0.167785,0.392039,0.234996,829,0.180941,0.180941,559,222,0.397138,260,0.465116,306,0.547406
bgl,trees_100,B,frozen,0.100,0.94459962,4,100,128,default,false,829,2356,387,1969,442,6702,0.164261,0.466828,0.243014,829,0.180941,0.180941,559,260,0.465116,297,0.531306,343,0.613596
bgl,trees_100,B,online,0.020,1.25554151,4,100,256,default,false,829,124,31,93,798,8578,0.250000,0.037394,0.065058,829,0.197829,0.197829,559,22,0.039356,28,0.050089,32,0.057245
bgl,trees_100,B,online,0.050,1.04160752,4,100,256,default,false,829,305,62,243,767,8428,0.203279,0.074789,0.109347,829,0.197829,0.197829,559,42,0.075134,51,0.091234,58,0.103757
bgl,trees_100,B,online,0.087,0.88955784,4,100,256,default,false,829,627,120,507,709,8164,0.191388,0.144753,0.164835,829,0.197829,0.197829,559,90,0.161002,114,0.203936,136,0.243292
bgl,trees_100,B,online,0.100,0.85465018,4,100,256,default,false,829,730,145,585,684,8086,0.198630,0.174910,0.186017,829,0.197829,0.197829,559,110,0.196780,135,0.241503,161,0.288014
bgl,trees_100,B,frozen,0.020,1.25554151,4,100,256,default,false,829,740,129,611,700,8060,0.174324,0.155609,0.164436,829,0.177322,0.177322,559,91,0.162791,111,0.198569,136,0.243292
bgl,trees_100,B,frozen,0.050,1.04160752,4,100,256,default,false,829,1393,241,1152,588,7519,0.173008,0.290712,0.216922,829,0.177322,0.177322,559,167,0.298748,196,0.350626,228,0.407871
bgl,trees_100,B,frozen,0.087,0.88955784,4,100,256,default,false,829,2240,353,1887,476,6784,0.157589,0.425814,0.230042,829,0.177322,0.177322,559,246,0.440072,277,0.495528,325,0.581395
bgl,trees_100,B,frozen,0.100,0.85465018,4,100,256,default,false,829,2490,382,2108,447,6563,0.153414,0.460796,0.230190,829,0.177322,0.177322,559,263,0.470483,295,0.527728,338,0.604651
bgl,time_decay,B,online,0.020,1.27697586,4,50,128,0.00200000,false,829,225,49,176,780,8495,0.217778,0.059107,0.092979,829,0.188179,0.188179,559,38,0.067979,52,0.093023,62,0.110912
bgl,time_decay,B,online,0.050,1.10399974,4,50,128,0.00200000,false,829,472,101,371,728,8300,0.213983,0.121834,0.155265,829,0.188179,0.188179,559,77,0.137746,97,0.173524,119,0.212880
bgl,time_decay,B,online,0.087,0.97422987,4,50,128,0.00200000,false,829,856,162,694,667,7977,0.189252,0.195416,0.192285,829,0.188179,0.188179,559,123,0.220036,157,0.280859,195,0.348837
bgl,time_decay,B,online,0.100,0.93520966,4,50,128,0.00200000,false,829,1017,193,824,636,7847,0.189774,0.232811,0.209101,829,0.188179,0.188179,559,147,0.262970,183,0.327370,224,0.400716
bgl,time_decay,B,frozen,0.020,1.27697586,4,50,128,0.00200000,false,829,888,182,706,647,7965,0.204955,0.219542,0.211998,829,0.201448,0.201448,559,127,0.227191,145,0.259392,169,0.302326
bgl,time_decay,B,frozen,0.050,1.10399974,4,50,128,0.00200000,false,829,1531,284,1247,545,7424,0.185500,0.342581,0.240678,829,0.201448,0.201448,559,194,0.347048,221,0.395349,257,0.459750
bgl,time_decay,B,frozen,0.087,0.97422987,4,50,128,0.00200000,false,829,2323,396,1927,433,6744,0.170469,0.477684,0.251269,829,0.201448,0.201448,559,266,0.475850,306,0.547406,347,0.620751
bgl,time_decay,B,frozen,0.100,0.93520966,4,50,128,0.00200000,false,829,2635,435,2200,394,6471,0.165085,0.524729,0.251155,829,0.201448,0.201448,559,292,0.522361,340,0.608229,378,0.676208
bgl,time_decay,B,online,0.020,1.29724581,4,50,128,0.00100000,false,829,221,45,176,784,8495,0.203620,0.054282,0.085714,829,0.220748,0.220748,559,31,0.055456,43,0.076923,52,0.093023
bgl,time_decay,B,online,0.050,1.11640401,4,50,128,0.00100000,false,829,463,105,358,724,8313,0.226782,0.126659,0.162539,829,0.220748,0.220748,559,77,0.137746,95,0.169946,116,0.207513
bgl,time_decay,B,online,0.087,0.98761412,4,50,128,0.00100000,false,829,786,172,614,657,8057,0.218830,0.207479,0.213003,829,0.220748,0.220748,559,122,0.218247,158,0.282648,187,0.334526
bgl,time_decay,B,online,0.100,0.93934603,4,50,128,0.00100000,false,829,976,209,767,620,7904,0.214139,0.252111,0.231579,829,0.220748,0.220748,559,141,0.252236,178,0.318426,213,0.381038
bgl,time_decay,B,frozen,0.020,1.29724581,4,50,128,0.00100000,false,829,815,155,660,674,8011,0.190184,0.186972,0.188564,829,0.190591,0.190591,559,109,0.194991,139,0.248658,156,0.279070
bgl,time_decay,B,frozen,0.050,1.11640401,4,50,128,0.00100000,false,829,1410,259,1151,570,7520,0.183688,0.312425,0.231353,829,0.190591,0.190591,559,175,0.313059,208,0.372093,230,0.411449
bgl,time_decay,B,frozen,0.087,0.98761412,4,50,128,0.00100000,false,829,2125,351,1774,478,6897,0.165176,0.423402,0.237644,829,0.190591,0.190591,559,237,0.423971,289,0.516995,327,0.584973
bgl,time_decay,B,frozen,0.100,0.93934603,4,50,128,0.00100000,false,829,2478,388,2090,441,6581,0.156578,0.468034,0.234654,829,0.190591,0.190591,559,261,0.466905,317,0.567084,353,0.631485
bgl,time_decay,B,online,0.020,1.31810370,4,50,128,0.00050000,false,829,187,38,149,791,8522,0.203209,0.045838,0.074803,829,0.179735,0.179735,559,26,0.046512,37,0.066190,43,0.076923
bgl,time_decay,B,online,0.050,1.11608853,4,50,128,0.00050000,false,829,384,67,317,762,8354,0.174479,0.080820,0.110470,829,0.179735,0.179735,559,49,0.087657,69,0.123435,82,0.146691
bgl,time_decay,B,online,0.087,0.99230507,4,50,128,0.00050000,false,829,645,116,529,713,8142,0.179845,0.139928,0.157395,829,0.179735,0.179735,559,88,0.157424,124,0.221825,147,0.262970
bgl,time_decay,B,online,0.100,0.94045136,4,50,128,0.00050000,false,829,793,141,652,688,8019,0.177806,0.170084,0.173859,829,0.179735,0.179735,559,107,0.191413,150,0.268336,174,0.311270
bgl,time_decay,B,frozen,0.020,1.31810370,4,50,128,0.00050000,false,829,715,149,566,680,8105,0.208392,0.179735,0.193005,829,0.206273,0.206273,559,100,0.178891,118,0.211091,136,0.243292
bgl,time_decay,B,frozen,0.050,1.11608853,4,50,128,0.00050000,false,829,1311,264,1047,565,7624,0.201373,0.318456,0.246729,829,0.206273,0.206273,559,178,0.318426,213,0.381038,247,0.441860
bgl,time_decay,B,frozen,0.087,0.99230507,4,50,128,0.00050000,false,829,2002,367,1635,462,7036,0.183317,0.442702,0.259272,829,0.206273,0.206273,559,244,0.436494,288,0.515206,335,0.599284
bgl,time_decay,B,frozen,0.100,0.94045136,4,50,128,0.00050000,false,829,2348,408,1940,421,6731,0.173765,0.492159,0.256846,829,0.206273,0.206273,559,274,0.490161,326,0.583184,376,0.672630
thunderbird,shingle,A,online,0.020,1.43952346,1,50,256,default,false,6116,812,218,594,5898,23970,0.268473,0.035644,0.062933,6116,0.228908,0.228908,449,62,0.138085,77,0.171492,83,0.184855
thunderbird,shingle,A,online,0.050,1.01135185,1,50,256,default,false,6116,1992,449,1543,5667,23021,0.225402,0.073414,0.110755,6116,0.228908,0.228908,449,111,0.247216,150,0.334076,167,0.371938
thunderbird,shingle,A,online,0.100,0.81138461,1,50,256,default,false,6116,4123,939,3184,5177,21380,0.227747,0.153532,0.183416,6116,0.228908,0.228908,449,170,0.378619,221,0.492205,247,0.550111
thunderbird,shingle,A,online,0.200,0.69945797,1,50,256,default,false,6116,8438,1883,6555,4233,18009,0.223157,0.307881,0.258760,6116,0.228908,0.228908,449,243,0.541203,293,0.652561,323,0.719376
thunderbird,shingle,A,frozen,0.020,1.43952346,1,50,256,default,false,6116,8267,1443,6824,4673,17740,0.174549,0.235939,0.200654,6116,0.172171,0.172171,449,243,0.541203,280,0.623608,297,0.661470
thunderbird,shingle,A,frozen,0.050,1.01135185,1,50,256,default,false,6116,17985,2949,15036,3167,9528,0.163970,0.482178,0.244720,6116,0.172171,0.172171,449,329,0.732739,379,0.844098,394,0.877506
thunderbird,shingle,A,frozen,0.100,0.81138461,1,50,256,default,false,6116,23812,4026,19786,2090,4778,0.169074,0.658273,0.269046,6116,0.172171,0.172171,449,390,0.868597,407,0.906459,417,0.928731
thunderbird,shingle,A,frozen,0.200,0.69945797,1,50,256,default,false,6116,26414,4606,21808,1510,2756,0.174377,0.753107,0.283185,6116,0.172171,0.172171,449,427,0.951002,442,0.984410,444,0.988864
thunderbird,shingle,A,online,0.020,1.52840747,4,50,256,default,false,6116,798,214,584,5902,23980,0.268170,0.034990,0.061903,6116,0.181655,0.181655,449,44,0.097996,50,0.111359,54,0.120267
thunderbird,shingle,A,online,0.050,1.00989570,4,50,256,default,false,6116,1825,392,1433,5724,23131,0.214795,0.064094,0.098728,6116,0.181655,0.181655,449,77,0.171492,90,0.200445,101,0.224944
thunderbird,shingle,A,online,0.100,0.71333745,4,50,256,default,false,6116,4136,733,3403,5383,21161,0.177224,0.119850,0.142996,6116,0.181655,0.181655,449,139,0.309577,169,0.376392,182,0.405345
thunderbird,shingle,A,online,0.200,0.58444524,4,50,256,default,false,6116,6953,1277,5676,4839,18888,0.183662,0.208797,0.195424,6116,0.181655,0.181655,449,202,0.449889,227,0.505568,245,0.545657
thunderbird,shingle,A,frozen,0.020,1.52840747,4,50,256,default,false,6116,4795,734,4061,5382,20503,0.153076,0.120013,0.134543,6116,0.165631,0.165631,449,143,0.318486,160,0.356347,172,0.383073
thunderbird,shingle,A,frozen,0.050,1.00989570,4,50,256,default,false,6116,11291,1863,9428,4253,15136,0.164999,0.304611,0.214052,6116,0.165631,0.165631,449,272,0.605791,291,0.648107,304,0.677060
thunderbird,shingle,A,frozen,0.100,0.71333745,4,50,256,default,false,6116,20145,3521,16624,2595,7940,0.174783,0.575703,0.268154,6116,0.165631,0.165631,449,341,0.759465,359,0.799555,369,0.821826
thunderbird,shingle,A,frozen,0.200,0.58444524,4,50,256,default,false,6116,24896,4601,20295,1515,4269,0.184809,0.752289,0.296724,6116,0.165631,0.165631,449,399,0.888641,416,0.926503,422,0.939866
thunderbird,shingle,A,online,0.020,1.75443027,6,50,256,default,false,6116,623,144,479,5972,24085,0.231140,0.023545,0.042736,6116,0.175278,0.175278,449,28,0.062361,39,0.086860,44,0.097996
thunderbird,shingle,A,online,0.050,1.00704190,6,50,256,default,false,6116,1953,410,1543,5706,23021,0.209933,0.067037,0.101623,6116,0.175278,0.175278,449,70,0.155902,83,0.184855,88,0.195991
thunderbird,shingle,A,online,0.100,0.68059988,6,50,256,default,false,6116,4432,756,3676,5360,20888,0.170578,0.123610,0.143345,6116,0.175278,0.175278,449,140,0.311804,156,0.347439,170,0.378619
thunderbird,shingle,A,online,0.200,0.54169619,6,50,256,default,false,6116,7385,1305,6080,4811,18484,0.176710,0.213375,0.193319,6116,0.175278,0.175278,449,202,0.449889,221,0.492205,232,0.516704
thunderbird,shingle,A,frozen,0.020,1.75443027,6,50,256,default,false,6116,3085,488,2597,5628,21967,0.158185,0.079791,0.106075,6116,0.154676,0.154676,449,102,0.227171,120,0.267261,129,0.287305
thunderbird,shingle,A,frozen,0.050,1.00704190,6,50,256,default,false,6116,10472,1718,8754,4398,15810,0.164057,0.280903,0.207138,6116,0.154676,0.154676,449,246,0.547884,261,0.581292,270,0.601336
thunderbird,shingle,A,frozen,0.100,0.68059988,6,50,256,default,false,6116,19907,3480,16427,2636,8137,0.174813,0.568999,0.267456,6116,0.154676,0.154676,449,336,0.748330,348,0.775056,359,0.799555
thunderbird,shingle,A,frozen,0.200,0.54169619,6,50,256,default,false,6116,25155,4589,20566,1527,3998,0.182429,0.750327,0.293499,6116,0.154676,0.154676,449,386,0.859688,398,0.886414,404,0.899777
thunderbird,shingle,A,online,0.020,1.81352956,12,50,256,default,false,6116,565,135,430,5981,24134,0.238938,0.022073,0.040413,6116,0.160235,0.160235,449,23,0.051225,28,0.062361,30,0.066815
thunderbird,shingle,A,online,0.050,0.85714970,12,50,256,default,false,6116,2364,461,1903,5655,22661,0.195008,0.075376,0.108726,6116,0.160235,0.160235,449,66,0.146993,71,0.158129,76,0.169265
thunderbird,shingle,A,online,0.100,0.67006794,12,50,256,default,false,6116,3882,658,3224,5458,21340,0.169500,0.107587,0.131626,6116,0.160235,0.160235,449,93,0.207127,106,0.236080,115,0.256125
thunderbird,shingle,A,online,0.200,0.47671015,12,50,256,default,false,6116,8230,1395,6835,4721,17729,0.169502,0.228090,0.194479,6116,0.160235,0.160235,449,188,0.418708,211,0.469933,224,0.498886
thunderbird,shingle,A,frozen,0.020,1.81352956,12,50,256,default,false,6116,2361,338,2023,5778,22541,0.143160,0.055265,0.079745,6116,0.148136,0.148136,449,69,0.153675,75,0.167038,84,0.187082
thunderbird,shingle,A,frozen,0.050,0.85714970,12,50,256,default,false,6116,11652,1797,9855,4319,14709,0.154222,0.293819,0.202274,6116,0.148136,0.148136,449,240,0.534521,259,0.576837,272,0.605791
thunderbird,shingle,A,frozen,0.100,0.67006794,12,50,256,default,false,6116,18369,2881,15488,3235,9076,0.156840,0.471060,0.235328,6116,0.148136,0.148136,449,313,0.697105,328,0.730512,339,0.755011
thunderbird,shingle,A,frozen,0.200,0.47671015,12,50,256,default,false,6116,24985,4444,20541,1672,4023,0.177867,0.726619,0.285779,6116,0.148136,0.148136,449,398,0.886414,404,0.899777,406,0.904232
thunderbird,shingle,B,online,0.020,1.32562832,1,50,256,default,false,6116,710,209,501,5907,24063,0.294366,0.034173,0.061236,6116,0.296926,0.296926,449,71,0.158129,86,0.191537,88,0.195991
thunderbird,shingle,B,online,0.050,1.04615099,1,50,256,default,false,6116,1909,531,1378,5585,23186,0.278156,0.086821,0.132336,6116,0.296926,0.296926,449,137,0.305122,168,0.374165,187,0.416481
thunderbird,shingle,B,online,0.100,0.90814054,1,50,256,default,false,6116,3186,930,2256,5186,22308,0.291902,0.152060,0.199957,6116,0.296926,0.296926,449,179,0.398664,226,0.503341,250,0.556793
thunderbird,shingle,B,online,0.200,0.80220913,1,50,256,default,false,6116,5214,1539,3675,4577,20889,0.295167,0.251635,0.271668,6116,0.296926,0.296926,449,236,0.525612,281,0.625835,309,0.688196
thunderbird,shingle,B,frozen,0.020,1.32562832,1,50,256,default,false,6116,8145,1793,6352,4323,18212,0.220135,0.293165,0.251455,6116,0.245585,0.245585,449,249,0.554566,282,0.628062,296,0.659243
thunderbird,shingle,B,frozen,0.050,1.04615099,1,50,256,default,false,6116,21253,3618,17635,2498,6929,0.170235,0.591563,0.264387,6116,0.245585,0.245585,449,369,0.821826,395,0.879733,406,0.904232
thunderbird,shingle,B,frozen,0.100,0.90814054,1,50,256,default,false,6116,25313,4624,20689,1492,3875,0.182673,0.756050,0.294251,6116,0.245585,0.245585,449,405,0.902004,415,0.924276,427,0.951002
thunderbird,shingle,B,frozen,0.200,0.80220913,1,50,256,default,false,6116,27266,5464,21802,652,2762,0.200396,0.893394,0.327362,6116,0.245585,0.245585,449,427,0.951002,440,0.979955,445,0.991091
thunderbird,shingle,B,online,0.020,1.38553682,1,50,256,default,true,6116,661,159,502,5957,24062,0.240545,0.025997,0.046923,6116,0.229071,0.229071,449,62,0.138085,75,0.167038,77,0.171492
thunderbird,shingle,B,online,0.050,1.00881485,1,50,256,default,true,6116,2080,545,1535,5571,23029,0.262019,0.089111,0.132992,6116,0.229071,0.229071,449,132,0.293987,162,0.360802,181,0.403118
thunderbird,shingle,B,online,0.100,0.84884834,1,50,256,default,true,6116,3624,882,2742,5234,21822,0.243377,0.144212,0.181109,6116,0.229071,0.229071,449,178,0.396437,234,0.521158,261,0.581292
thunderbird,shingle,B,online,0.200,0.74924019,1,50,256,default,true,6116,5821,1350,4471,4766,20093,0.231919,0.220733,0.226187,6116,0.229071,0.229071,449,222,0.494432,286,0.636971,321,0.714922
thunderbird,shingle,B,frozen,0.020,1.38553682,1,50,256,default,true,6116,3486,782,2704,5334,21860,0.224326,0.127861,0.162883,6116,0.213702,0.213702,449,147,0.327394,176,0.391982,193,0.429844
thunderbird,shingle,B,frozen,0.050,1.00881485,1,50,256,default,true,6116,15109,2370,12739,3746,11825,0.156860,0.387508,0.223322,6116,0.213702,0.213702,449,318,0.708241,356,0.792873,370,0.824053
thunderbird,shingle,B,frozen,0.100,0.84884834,1,50,256,default,true,6116,23025,3623,19402,2493,5162,0.157351,0.592381,0.248653,6116,0.213702,0.213702,449,402,0.895323,426,0.948775,439,0.977728
thunderbird,shingle,B,frozen,0.200,0.74924019,1,50,256,default,true,6116,26158,4645,21513,1471,3051,0.177575,0.759483,0.287848,6116,0.213702,0.213702,449,432,0.962138,440,0.979955,445,0.991091
thunderbird,shingle,B,online,0.020,1.32537026,2,50,256,default,false,6116,644,154,490,5962,24074,0.239130,0.025180,0.045562,6116,0.298071,0.298071,449,48,0.106904,60,0.133630,65,0.144766
thunderbird,shingle,B,online,0.050,1.05260969,2,50,256,default,false,6116,1656,441,1215,5675,23349,0.266304,0.072106,0.113484,6116,0.298071,0.298071,449,92,0.204900,107,0.238307,119,0.265033
thunderbird,shingle,B,online,0.100,0.88877304,2,50,256,default,false,6116,3335,960,2375,5156,22189,0.287856,0.156965,0.203153,6116,0.298071,0.298071,449,158,0.351893,185,0.412027,211,0.469933
thunderbird,shingle,B,online,0.200,0.78356924,2,50,256,default,false,6116,5596,1661,3935,4455,20629,0.296819,0.271583,0.283641,6116,0.298071,0.298071,449,224,0.498886,267,0.594655,299,0.665924
thunderbird,shingle,B,frozen,0.020,1.32537026,2,50,256,default,false,6116,6213,1508,4705,4608,19859,0.242717,0.246566,0.244626,6116,0.243950,0.243950,449,209,0.465479,233,0.518931,253,0.563474
thunderbird,shingle,B,frozen,0.050,1.05260969,2,50,256,default,false,6116,19134,3161,15973,2955,8591,0.165203,0.516841,0.250376,6116,0.243950,0.243950,449,358,0.797327,383,0.853007,399,0.888641
thunderbird,shingle,B,frozen,0.100,0.88877304,2,50,256,default,false,6116,25256,4394,20862,1722,3702,0.173978,0.718443,0.280122,6116,0.243950,0.243950,449,403,0.897550,417,0.928731,424,0.944321
thunderbird,shingle,B,frozen,0.200,0.78356924,2,50,256,default,false,6116,27548,5312,22236,804,2328,0.192827,0.868542,0.315589,6116,0.243950,0.243950,449,423,0.942094,438,0.975501,444,0.988864
thunderbird,shingle,B,online,0.020,1.35980397,2,50,256,default,true,6116,669,147,522,5969,24042,0.219731,0.024035,0.043331,6116,0.235284,0.235284,449,51,0.113586,60,0.133630,65,0.144766
thunderbird,shingle,B,online,0.050,0.99434269,2,50,256,default,true,6116,2056,521,1535,5595,23029,0.253405,0.085186,0.127509,6116,0.235284,0.235284,449,98,0.218263,109,0.242762,122,0.271715
thunderbird,shingle,B,online,0.100,0.81386771,2,50,256,default,true,6116,4117,981,3136,5135,21428,0.238280,0.160399,0.191733,6116,0.235284,0.235284,449,170,0.378619,204,0.454343,230,0.512249
thunderbird,shingle,B,online,0.200,0.70984165,2,50,256,default,true,6116,6664,1552,5112,4564,19452,0.232893,0.253761,0.242879,6116,0.235284,0.235284,449,223,0.496659,271,0.603563,298,0.663697
thunderbird,shingle,B,frozen,0.020,1.35980397,2,50,256,default,true,6116,3842,933,2909,5183,21655,0.242842,0.152551,0.187387,6116,0.237574,0.237574,449,123,0.273942,141,0.314031,158,0.351893
thunderbird,shingle,B,frozen,0.050,0.99434269,2,50,256,default,true,6116,14396,2425,11971,3691,12593,0.168450,0.396501,0.236447,6116,0.237574,0.237574,449,307,0.683742,347,0.772829,366,0.815145
thunderbird,shingle,B,frozen,0.100,0.81386771,2,50,256,default,true,6116,23728,4118,19610,1998,4954,0.173550,0.673316,0.275968,6116,0.237574,0.237574,449,399,0.888641,416,0.926503,422,0.939866
thunderbird,shingle,B,frozen,0.200,0.70984165,2,50,256,default,true,6116,26715,5037,21678,1079,2886,0.188546,0.823578,0.306844,6116,0.237574,0.237574,449,417,0.928731,433,0.964365,440,0.979955
thunderbird,shingle,B,online,0.020,1.29695762,4,50,256,default,false,6116,677,136,541,5980,24023,0.200886,0.022237,0.040041,6116,0.297907,0.297907,449,42,0.093541,57,0.126949,61,0.135857
thunderbird,shingle,B,online,0.050,1.01898092,4,50,256,default,false,6116,1798,440,1358,5676,23206,0.244716,0.071942,0.111195,6116,0.297907,0.297907,449,84,0.187082,95,0.211581,106,0.236080
thunderbird,shingle,B,online,0.100,0.87346272,4,50,256,default,false,6116,3391,878,2513,5238,22051,0.258921,0.143558,0.184706,6116,0.297907,0.297907,449,132,0.293987,147,0.327394,164,0.365256
thunderbird,shingle,B,online,0.200,0.76986617,4,50,256,default,false,6116,5909,1752,4157,4364,20407,0.296497,0.286462,0.291393,6116,0.297907,0.297907,449,203,0.452116,223,0.496659,247,0.550111
thunderbird,shingle,B,frozen,0.020,1.29695762,4,50,256,default,false,6116,6804,1626,5178,4490,19386,0.238977,0.265860,0.251703,6116,0.247057,0.247057,449,186,0.414254,218,0.485523,230,0.512249
thunderbird,shingle,B,frozen,0.050,1.01898092,4,50,256,default,false,6116,20692,3800,16892,2316,7672,0.183646,0.621321,0.283497,6116,0.247057,0.247057,449,352,0.783964,366,0.815145,375,0.835189
thunderbird,shingle,B,frozen,0.100,0.87346272,4,50,256,default,false,6116,25717,4818,20899,1298,3665,0.187347,0.787770,0.302705,6116,0.247057,0.247057,449,403,0.897550,409,0.910913,415,0.924276
thunderbird,shingle,B,frozen,0.200,0.76986617,4,50,256,default,false,6116,27997,5773,22224,343,2340,0.206201,0.943918,0.338463,6116,0.247057,0.247057,449,422,0.939866,430,0.957684,440,0.979955
thunderbird,shingle,B,online,0.020,1.22595929,4,50,256,default,true,6116,925,168,757,5948,23807,0.181622,0.027469,0.047720,6116,0.248528,0.248528,449,50,0.111359,64,0.142539,71,0.158129
thunderbird,shingle,B,online,0.050,0.98506111,4,50,256,default,true,6116,2140,497,1643,5619,22921,0.232243,0.081262,0.120397,6116,0.248528,0.248528,449,86,0.191537,100,0.222717,111,0.247216
thunderbird,shingle,B,online,0.100,0.80980553,4,50,256,default,true,6116,4296,1040,3256,5076,21308,0.242086,0.170046,0.199769,6116,0.248528,0.248528,449,151,0.336303,174,0.387528,199,0.443207
thunderbird,shingle,B,online,0.200,0.69154458,4,50,256,default,true,6116,7630,1884,5746,4232,18818,0.246920,0.308044,0.274116,6116,0.248528,0.248528,449,229,0.510022,265,0.590200,294,0.654788
thunderbird,shingle,B,frozen,0.020,1.22595929,4,50,256,default,true,6116,6955,1442,5513,4674,19051,0.207333,0.235775,0.220641,6116,0.206998,0.206998,449,153,0.340757,183,0.407572,202,0.449889
thunderbird,shingle,B,frozen,0.050,0.98506111,4,50,256,default,true,6116,16693,2628,14065,3488,10499,0.157431,0.429693,0.230435,6116,0.206998,0.206998,449,313,0.697105,334,0.743875,342,0.761693
thunderbird,shingle,B,frozen,0.100,0.80980553,4,50,256,default,true,6116,23948,3909,20039,2207,4525,0.163229,0.639143,0.260045,6116,0.206998,0.206998,449,394,0.877506,406,0.904232,419,0.933185
thunderbird,shingle,B,frozen,0.200,0.69154458,4,50,256,default,true,6116,27077,5070,22007,1046,2557,0.187244,0.828973,0.305486,6116,0.206998,0.206998,449,431,0.959911,435,0.968820,442,0.984410
thunderbird,shingle,B,online,0.020,1.31592073,6,50,256,default,false,6116,651,135,516,5981,24048,0.207373,0.022073,0.039900,6116,0.311315,0.311315,449,40,0.089087,45,0.100223,55,0.122494
thunderbird,shingle,B,online,0.050,0.99828954,6,50,256,default,false,6116,1934,542,1392,5574,23172,0.280248,0.088620,0.134658,6116,0.311315,0.311315,449,81,0.180401,91,0.202673,100,0.222717
thunderbird,shingle,B,online,0.100,0.87444785,6,50,256,default,false,6116,3347,999,2348,5117,22216,0.298476,0.163342,0.211138,6116,0.311315,0.311315,449,120,0.267261,138,0.307350,151,0.336303
thunderbird,shingle,B,online,0.200,0.76034774,6,50,256,default,false,6116,6027,1874,4153,4242,20411,0.310934,0.306409,0.308655,6116,0.311315,0.311315,449,179,0.398664,213,0.474388,226,0.503341
thunderbird,shingle,B,frozen,0.020,1.31592073,6,50,256,default,false,6116,6518,1592,4926,4524,19638,0.244247,0.260301,0.252018,6116,0.245749,0.245749,449,157,0.349666,182,0.405345,196,0.436526
thunderbird,shingle,B,frozen,0.050,0.99828954,6,50,256,default,false,6116,22011,3792,18219,2324,6345,0.172277,0.620013,0.269634,6116,0.245749,0.245749,449,339,0.755011,351,0.781737,363,0.808463
thunderbird,shingle,B,frozen,0.100,0.87444785,6,50,256,default,false,6116,25953,4804,21149,1312,3415,0.185104,0.785481,0.299604,6116,0.245749,0.245749,449,396,0.881960,410,0.913140,416,0.926503
thunderbird,shingle,B,frozen,0.200,0.76034774,6,50,256,default,false,6116,28167,5606,22561,510,2003,0.199027,0.916612,0.327043,6116,0.245749,0.245749,449,422,0.939866,435,0.968820,439,0.977728
thunderbird,shingle,B,online,0.020,1.25430152,6,50,256,default,true,6116,810,150,660,5966,23904,0.185185,0.024526,0.043315,6116,0.241171,0.241171,449,45,0.100223,51,0.113586,59,0.131403
thunderbird,shingle,B,online,0.050,0.96394005,6,50,256,default,true,6116,2146,487,1659,5629,22905,0.226934,0.079627,0.117889,6116,0.241171,0.241171,449,82,0.182628,97,0.216036,105,0.233853
thunderbird,shingle,B,online,0.100,0.81232608,6,50,256,default,true,6116,3923,889,3034,5227,21530,0.226612,0.145356,0.177109,6116,0.241171,0.241171,449,140,0.311804,160,0.356347,174,0.387528
thunderbird,shingle,B,online,0.200,0.70114143,6,50,256,default,true,6116,6675,1606,5069,4510,19495,0.240599,0.262590,0.251114,6116,0.241171,0.241171,449,194,0.432071,224,0.498886,241,0.536748
thunderbird,shingle,B,frozen,0.020,1.25430152,6,50,256,default,true,6116,5744,1354,4390,4762,20174,0.235724,0.221387,0.228331,6116,0.227436,0.227436,449,124,0.276169,140,0.311804,150,0.334076
thunderbird,shingle,B,frozen,0.050,0.96394005,6,50,256,default,true,6116,17460,2817,14643,3299,9921,0.161340,0.460595,0.238972,6116,0.227436,0.227436,449,302,0.672606,322,0.717149,336,0.748330
thunderbird,shingle,B,frozen,0.100,0.81232608,6,50,256,default,true,6116,24975,4492,20483,1624,4081,0.179860,0.734467,0.288958,6116,0.227436,0.227436,449,401,0.893096,410,0.913140,417,0.928731
thunderbird,shingle,B,frozen,0.200,0.70114143,6,50,256,default,true,6116,27703,5295,22408,821,2156,0.191135,0.865762,0.313138,6116,0.227436,0.227436,449,439,0.977728,442,0.984410,442,0.984410
thunderbird,top25,B25,online,0.020,1.33301498,2,50,256,default,false,6116,666,178,488,5938,24076,0.267267,0.029104,0.052492,6116,0.347122,0.347122,449,53,0.118040,72,0.160356,78,0.173719
thunderbird,top25,B25,online,0.050,1.09790246,2,50,256,default,false,6116,1552,442,1110,5674,23454,0.284794,0.072269,0.115284,6116,0.347122,0.347122,449,103,0.229399,123,0.273942,134,0.298441
thunderbird,top25,B25,online,0.100,0.94551050,2,50,256,default,false,6116,3059,960,2099,5156,22465,0.313828,0.156965,0.209264,6116,0.347122,0.347122,449,152,0.338530,178,0.396437,201,0.447661
thunderbird,top25,B25,online,0.200,0.83549442,2,50,256,default,false,6116,5328,1842,3486,4274,21078,0.345721,0.301177,0.321915,6116,0.347122,0.347122,449,209,0.465479,250,0.556793,270,0.601336
thunderbird,top25,B25,frozen,0.020,1.33301498,2,50,256,default,false,6116,15334,3057,12277,3059,12287,0.199361,0.499836,0.285035,6116,0.274199,0.274199,449,297,0.661470,331,0.737194,352,0.783964
thunderbird,top25,B25,frozen,0.050,1.09790246,2,50,256,default,false,6116,24275,4444,19831,1672,4733,0.183069,0.726619,0.292455,6116,0.274199,0.274199,449,390,0.868597,407,0.906459,414,0.922049
thunderbird,top25,B25,frozen,0.100,0.94551050,2,50,256,default,false,6116,27026,5305,21721,811,2843,0.196292,0.867397,0.320138,6116,0.274199,0.274199,449,414,0.922049,424,0.944321,435,0.968820
thunderbird,top25,B25,frozen,0.200,0.83549442,2,50,256,default,false,6116,28538,5845,22693,271,1871,0.204815,0.955690,0.337335,6116,0.274199,0.274199,449,437,0.973274,445,0.991091,446,0.993318
thunderbird,augmented_rates,BR,online,0.020,1.31636138,2,50,256,default,false,6116,616,138,478,5978,24086,0.224026,0.022564,0.040998,6116,0.276651,0.276651,449,49,0.109131,60,0.133630,67,0.149220
thunderbird,augmented_rates,BR,online,0.050,1.05430254,2,50,256,default,false,6116,1609,417,1192,5699,23372,0.259167,0.068182,0.107961,6116,0.276651,0.276651,449,98,0.218263,117,0.260579,130,0.289532
thunderbird,augmented_rates,BR,online,0.100,0.89760062,2,50,256,default,false,6116,3388,952,2436,5164,22128,0.280992,0.155657,0.200337,6116,0.276651,0.276651,449,165,0.367483,194,0.432071,215,0.478842
thunderbird,augmented_rates,BR,online,0.200,0.79150506,2,50,256,default,false,6116,5760,1610,4150,4506,20414,0.279514,0.263244,0.271135,6116,0.276651,0.276651,449,225,0.501114,270,0.601336,295,0.657016
thunderbird,augmented_rates,BR,frozen,0.020,1.31636138,2,50,256,default,false,6116,16911,2306,14605,3810,9959,0.136361,0.377044,0.200287,6116,0.130150,0.130150,449,317,0.706013,347,0.772829,364,0.810690
thunderbird,augmented_rates,BR,frozen,0.050,1.05430254,2,50,256,default,false,6116,24275,3901,20374,2215,4190,0.160700,0.637835,0.256721,6116,0.130150,0.130150,449,395,0.879733,403,0.897550,408,0.908686
thunderbird,augmented_rates,BR,frozen,0.100,0.89760062,2,50,256,default,false,6116,27442,5230,22212,886,2352,0.190584,0.855134,0.311699,6116,0.130150,0.130150,449,420,0.935412,432,0.962138,442,0.984410
thunderbird,augmented_rates,BR,frozen,0.200,0.79150506,2,50,256,default,false,6116,28886,5815,23071,301,1493,0.201309,0.950785,0.332267,6116,0.130150,0.130150,449,439,0.977728,446,0.993318,447,0.995546
thunderbird,augmented_rates_norm,BR,online,0.020,1.34906769,2,50,256,default,true,6116,760,134,626,5982,23938,0.176316,0.021910,0.038976,6116,0.191465,0.191465,449,50,0.111359,60,0.133630,63,0.140312
thunderbird,augmented_rates_norm,BR,online,0.050,1.03583630,2,50,256,default,true,6116,1879,378,1501,5738,23063,0.201171,0.061805,0.094559,6116,0.191465,0.191465,449,85,0.189310,101,0.224944,116,0.258352
thunderbird,augmented_rates_norm,BR,online,0.100,0.85878470,2,50,256,default,true,6116,3550,702,2848,5414,21716,0.197746,0.114781,0.145251,6116,0.191465,0.191465,449,140,0.311804,166,0.369710,194,0.432071
thunderbird,augmented_rates_norm,BR,online,0.200,0.73240670,2,50,256,default,true,6116,6270,1199,5071,4917,19493,0.191228,0.196043,0.193606,6116,0.191465,0.191465,449,221,0.492205,268,0.596882,298,0.663697
thunderbird,augmented_rates_norm,BR,frozen,0.020,1.34906769,2,50,256,default,true,6116,10358,1389,8969,4727,15595,0.134099,0.227109,0.168629,6116,0.118869,0.118869,449,233,0.518931,256,0.570156,290,0.645880
thunderbird,augmented_rates_norm,BR,frozen,0.050,1.03583630,2,50,256,default,true,6116,20787,3012,17775,3104,6789,0.144898,0.492479,0.223916,6116,0.118869,0.118869,449,382,0.850780,406,0.904232,416,0.926503
thunderbird,augmented_rates_norm,BR,frozen,0.100,0.85878470,2,50,256,default,true,6116,25509,4329,21180,1787,3384,0.169705,0.707816,0.273771,6116,0.118869,0.118869,449,421,0.937639,436,0.971047,441,0.982183
thunderbird,augmented_rates_norm,BR,frozen,0.200,0.73240670,2,50,256,default,true,6116,27966,5296,22670,820,1894,0.189373,0.865925,0.310780,6116,0.118869,0.118869,449,438,0.975501,445,0.991091,446,0.993318
thunderbird,top25,B25,online,0.020,1.35036517,4,50,256,default,false,6116,540,147,393,5969,24171,0.272222,0.024035,0.044171,6116,0.372302,0.372302,449,36,0.080178,43,0.095768,50,0.111359
thunderbird,top25,B25,online,0.050,1.05740750,4,50,256,default,false,6116,1614,481,1133,5635,23431,0.298017,0.078646,0.124450,6116,0.372302,0.372302,449,90,0.200445,107,0.238307,113,0.251670
thunderbird,top25,B25,online,0.100,0.92865574,4,50,256,default,false,6116,3241,1106,2135,5010,22429,0.341253,0.180837,0.236401,6116,0.372302,0.372302,449,142,0.316258,165,0.367483,177,0.394209
thunderbird,top25,B25,online,0.200,0.82248903,4,50,256,default,false,6116,5966,2219,3747,3897,20817,0.371941,0.362819,0.367323,6116,0.372302,0.372302,449,201,0.447661,233,0.518931,252,0.561247
thunderbird,top25,B25,frozen,0.020,1.35036517,4,50,256,default,false,6116,15756,2911,12845,3205,11719,0.184755,0.475965,0.266185,6116,0.257194,0.257194,449,279,0.621381,299,0.665924,312,0.694878
thunderbird,top25,B25,frozen,0.050,1.05740750,4,50,256,default,false,6116,25439,4804,20635,1312,3929,0.188844,0.785481,0.304484,6116,0.257194,0.257194,449,396,0.881960,402,0.895323,407,0.906459
thunderbird,top25,B25,frozen,0.100,0.92865574,4,50,256,default,false,6116,27901,5712,22189,404,2375,0.204724,0.933944,0.335832,6116,0.257194,0.257194,449,417,0.928731,427,0.951002,433,0.964365
thunderbird,top25,B25,frozen,0.200,0.82248903,4,50,256,default,false,6116,29127,6053,23074,63,1490,0.207814,0.989699,0.343501,6116,0.257194,0.257194,449,439,0.977728,443,0.986637,445,0.991091
thunderbird,augmented_rates,BR,online,0.020,1.21924631,4,50,256,default,false,6116,765,170,595,5946,23969,0.222222,0.027796,0.049411,6116,0.322923,0.322923,449,46,0.102450,56,0.124722,60,0.133630
thunderbird,augmented_rates,BR,online,0.050,1.01058772,4,50,256,default,false,6116,1661,437,1224,5679,23340,0.263095,0.071452,0.112383,6116,0.322923,0.322923,449,81,0.180401,101,0.224944,108,0.240535
thunderbird,augmented_rates,BR,online,0.100,0.86871346,4,50,256,default,false,6116,3438,1073,2365,5043,22199,0.312100,0.175441,0.224618,6116,0.322923,0.322923,449,140,0.311804,161,0.358575,184,0.409800
thunderbird,augmented_rates,BR,online,0.200,0.76888761,4,50,256,default,false,6116,6152,1985,4167,4131,20397,0.322659,0.324559,0.323606,6116,0.322923,0.322923,449,218,0.485523,247,0.550111,272,0.605791
thunderbird,augmented_rates,BR,frozen,0.020,1.21924631,4,50,256,default,false,6116,16545,2641,13904,3475,10660,0.159625,0.431818,0.233088,6116,0.162525,0.162525,449,307,0.683742,320,0.712695,334,0.743875
thunderbird,augmented_rates,BR,frozen,0.050,1.01058772,4,50,256,default,false,6116,24587,4428,20159,1688,4405,0.180095,0.724003,0.288441,6116,0.162525,0.162525,449,388,0.864143,398,0.886414,408,0.908686
thunderbird,augmented_rates,BR,frozen,0.100,0.86871346,4,50,256,default,false,6116,27696,5523,22173,593,2391,0.199415,0.903041,0.326689,6116,0.162525,0.162525,449,414,0.922049,420,0.935412,429,0.955457
thunderbird,augmented_rates,BR,frozen,0.200,0.76888761,4,50,256,default,false,6116,28964,5943,23021,173,1543,0.205186,0.971714,0.338826,6116,0.162525,0.162525,449,440,0.979955,443,0.986637,443,0.986637
thunderbird,augmented_rates_norm,BR,online,0.020,1.19275631,4,50,256,default,true,6116,1037,161,876,5955,23688,0.155256,0.026324,0.045016,6116,0.200131,0.200131,449,48,0.106904,66,0.146993,71,0.158129
thunderbird,augmented_rates_norm,BR,online,0.050,1.00031881,4,50,256,default,true,6116,1979,370,1609,5746,22955,0.186963,0.060497,0.091414,6116,0.200131,0.200131,449,73,0.162584,91,0.202673,102,0.227171
thunderbird,augmented_rates_norm,BR,online,0.100,0.80521835,4,50,256,default,true,6116,4170,776,3394,5340,21170,0.186091,0.126880,0.150885,6116,0.200131,0.200131,449,139,0.309577,164,0.365256,184,0.409800
thunderbird,augmented_rates_norm,BR,online,0.200,0.68894578,4,50,256,default,true,6116,7235,1483,5752,4633,18812,0.204976,0.242479,0.222156,6116,0.200131,0.200131,449,224,0.498886,261,0.581292,287,0.639198
thunderbird,augmented_rates_norm,BR,frozen,0.020,1.19275631,4,50,256,default,true,6116,13790,1919,11871,4197,12693,0.139159,0.313767,0.192806,6116,0.114454,0.114454,449,264,0.587973,284,0.632517,303,0.674833
thunderbird,augmented_rates_norm,BR,frozen,0.050,1.00031881,4,50,256,default,true,6116,20973,2931,18042,3185,6522,0.139751,0.479235,0.216398,6116,0.114454,0.114454,449,361,0.804009,378,0.841871,389,0.866370
thunderbird,augmented_rates_norm,BR,frozen,0.100,0.80521835,4,50,256,default,true,6116,25689,4294,21395,1822,3169,0.167153,0.702093,0.270020,6116,0.114454,0.114454,449,421,0.937639,432,0.962138,437,0.973274
thunderbird,augmented_rates_norm,BR,frozen,0.200,0.68894578,4,50,256,default,true,6116,28015,5263,22752,853,1812,0.187864,0.860530,0.308400,6116,0.114454,0.114454,449,441,0.982183,444,0.988864,444,0.988864
thunderbird,top25,B25,online,0.020,1.41186820,6,50,256,default,false,6116,352,76,276,6040,24288,0.215909,0.012426,0.023500,6116,0.351210,0.351210,449,26,0.057906,29,0.064588,37,0.082405
thunderbird,top25,B25,online,0.050,1.05912415,6,50,256,default,false,6116,1535,428,1107,5688,23457,0.278827,0.069980,0.111881,6116,0.351210,0.351210,449,73,0.162584,82,0.182628,92,0.204900
thunderbird,top25,B25,online,0.100,0.92988080,6,50,256,default,false,6116,2946,928,2018,5188,22546,0.315003,0.151733,0.204811,6116,0.351210,0.351210,449,120,0.267261,137,0.305122,151,0.336303
thunderbird,top25,B25,online,0.200,0.83017430,6,50,256,default,false,6116,5515,1920,3595,4196,20969,0.348141,0.313931,0.330152,6116,0.351210,0.351210,449,178,0.396437,209,0.465479,224,0.498886
thunderbird,top25,B25,frozen,0.020,1.41186820,6,50,256,default,false,6116,12731,2234,10497,3882,14067,0.175477,0.365271,0.237067,6116,0.237247,0.237247,449,249,0.554566,266,0.592428,274,0.610245
thunderbird,top25,B25,frozen,0.050,1.05912415,6,50,256,default,false,6116,25192,4567,20625,1549,3939,0.181288,0.746730,0.291747,6116,0.237247,0.237247,449,385,0.857461,396,0.881960,397,0.884187
thunderbird,top25,B25,frozen,0.100,0.92988080,6,50,256,default,false,6116,27666,5465,22201,651,2363,0.197535,0.893558,0.323545,6116,0.237247,0.237247,449,408,0.908686,413,0.919822,419,0.933185
thunderbird,top25,B25,frozen,0.200,0.83017430,6,50,256,default,false,6116,28936,5985,22951,131,1613,0.206836,0.978581,0.341493,6116,0.237247,0.237247,449,427,0.951002,434,0.966592,436,0.971047
thunderbird,augmented_rates,BR,online,0.020,1.25458331,6,50,256,default,false,6116,655,125,530,5991,24034,0.190840,0.020438,0.036922,6116,0.294964,0.294964,449,39,0.086860,45,0.100223,53,0.118040
thunderbird,augmented_rates,BR,online,0.050,1.01299205,6,50,256,default,false,6116,1618,404,1214,5712,23350,0.249691,0.066056,0.104474,6116,0.294964,0.294964,449,72,0.160356,89,0.198218,95,0.211581
thunderbird,augmented_rates,BR,online,0.100,0.88138670,6,50,256,default,false,6116,3175,887,2288,5229,22276,0.279370,0.145029,0.190937,6116,0.294964,0.294964,449,121,0.269488,141,0.314031,159,0.354120
thunderbird,augmented_rates,BR,online,0.200,0.78639100,6,50,256,default,false,6116,5414,1573,3841,4543,20723,0.290543,0.257194,0.272853,6116,0.294964,0.294964,449,175,0.389755,204,0.454343,220,0.489978
thunderbird,augmented_rates,BR,frozen,0.020,1.25458331,6,50,256,default,false,6116,16502,2655,13847,3461,10717,0.160890,0.434107,0.234769,6116,0.185579,0.185579,449,299,0.665924,315,0.701559,328,0.730512
thunderbird,augmented_rates,BR,frozen,0.050,1.01299205,6,50,256,default,false,6116,25363,4730,20633,1386,3931,0.186492,0.773381,0.300518,6116,0.185579,0.185579,449,378,0.841871,393,0.875278,396,0.881960
thunderbird,augmented_rates,BR,frozen,0.100,0.88138670,6,50,256,default,false,6116,28034,5727,22307,389,2257,0.204288,0.936396,0.335403,6116,0.185579,0.185579,449,413,0.919822,422,0.939866,427,0.951002
thunderbird,augmented_rates,BR,frozen,0.200,0.78639100,6,50,256,default,false,6116,29274,6052,23222,64,1342,0.206736,0.989536,0.342018,6116,0.185579,0.185579,449,439,0.977728,442,0.984410,442,0.984410
thunderbird,augmented_rates_norm,BR,online,0.020,1.30640019,6,50,256,default,true,6116,819,123,696,5993,23868,0.150183,0.020111,0.035472,6116,0.181655,0.181655,449,41,0.091314,46,0.102450,51,0.113586
thunderbird,augmented_rates_norm,BR,online,0.050,0.95777123,6,50,256,default,true,6116,2406,438,1968,5678,22596,0.182045,0.071615,0.102793,6116,0.181655,0.181655,449,81,0.180401,103,0.229399,107,0.238307
thunderbird,augmented_rates_norm,BR,online,0.100,0.82441709,6,50,256,default,true,6116,3955,672,3283,5444,21281,0.169912,0.109876,0.133452,6116,0.181655,0.181655,449,125,0.278396,141,0.314031,164,0.365256
thunderbird,augmented_rates_norm,BR,online,0.200,0.69624947,6,50,256,default,true,6116,7142,1345,5797,4771,18767,0.188323,0.219915,0.202896,6116,0.181655,0.181655,449,214,0.476615,257,0.572383,275,0.612472
thunderbird,augmented_rates_norm,BR,frozen,0.020,1.30640019,6,50,256,default,true,6116,13266,1595,11671,4521,12893,0.120232,0.260791,0.164586,6116,0.102845,0.102845,449,246,0.547884,270,0.601336,281,0.625835
thunderbird,augmented_rates_norm,BR,frozen,0.050,0.95777123,6,50,256,default,true,6116,23668,3402,20266,2714,4298,0.143738,0.556246,0.228445,6116,0.102845,0.102845,449,386,0.859688,402,0.895323,409,0.910913
thunderbird,augmented_rates_norm,BR,frozen,0.100,0.82441709,6,50,256,default,true,6116,26825,4810,22015,1306,2549,0.179310,0.786462,0.292037,6116,0.102845,0.102845,449,428,0.953229,435,0.968820,437,0.973274
thunderbird,augmented_rates_norm,BR,frozen,0.200,0.69624947,6,50,256,default,true,6116,28447,5376,23071,740,1493,0.188983,0.879006,0.311084,6116,0.102845,0.102845,449,442,0.984410,444,0.988864,444,0.988864
thunderbird,hash,C,online,0.020,1.34963984,1,50,256,default,false,6116,698,150,548,5966,24016,0.214900,0.024526,0.044027,6116,0.246566,0.246566,449,64,0.142539,77,0.171492,83,0.184855
thunderbird,hash,C,online,0.050,1.06413019,1,50,256,default,false,6116,1760,410,1350,5706,23214,0.232955,0.067037,0.104114,6116,0.246566,0.246566,449,113,0.251670,140,0.311804,157,0.349666
thunderbird,hash,C,online,0.100,0.91842222,1,50,256,default,false,6116,3040,722,2318,5394,22246,0.237500,0.118051,0.157711,6116,0.246566,0.246566,449,171,0.380846,209,0.465479,233,0.518931
thunderbird,hash,C,online,0.200,0.79792731,1,50,256,default,false,6116,5429,1331,4098,4785,20466,0.245165,0.217626,0.230576,6116,0.246566,0.246566,449,241,0.536748,290,0.645880,315,0.701559
thunderbird,hash,C,frozen,0.020,1.34963984,1,50,256,default,false,6116,13903,2239,11664,3877,12900,0.161044,0.366089,0.223687,6116,0.206998,0.206998,449,300,0.668151,338,0.752784,351,0.781737
thunderbird,hash,C,frozen,0.050,1.06413019,1,50,256,default,false,6116,21605,3394,18211,2722,6353,0.157093,0.554938,0.244869,6116,0.206998,0.206998,449,382,0.850780,394,0.877506,409,0.910913
thunderbird,hash,C,frozen,0.100,0.91842222,1,50,256,default,false,6116,25180,4562,20618,1554,3946,0.181176,0.745912,0.291539,6116,0.206998,0.206998,449,402,0.895323,418,0.930958,429,0.955457
thunderbird,hash,C,frozen,0.200,0.79792731,1,50,256,default,false,6116,27310,5493,21817,623,2747,0.201135,0.898136,0.328666,6116,0.206998,0.206998,449,428,0.953229,436,0.971047,442,0.984410
thunderbird,hash,C,online,0.020,1.35322797,2,50,256,default,false,6116,706,135,571,5981,23993,0.191218,0.022073,0.039578,6116,0.212230,0.212230,449,54,0.120267,62,0.138085,66,0.146993
thunderbird,hash,C,online,0.050,1.06698291,2,50,256,default,false,6116,1632,330,1302,5786,23262,0.202206,0.053957,0.085183,6116,0.212230,0.212230,449,83,0.184855,100,0.222717,117,0.260579
thunderbird,hash,C,online,0.100,0.87563560,2,50,256,default,false,6116,3620,751,2869,5365,21695,0.207459,0.122793,0.154273,6116,0.212230,0.212230,449,154,0.342984,191,0.425390,209,0.465479
thunderbird,hash,C,online,0.200,0.74434044,2,50,256,default,false,6116,6870,1479,5391,4637,19173,0.215284,0.241825,0.227784,6116,0.212230,0.212230,449,239,0.532294,294,0.654788,313,0.697105
thunderbird,hash,C,frozen,0.020,1.35322797,2,50,256,default,false,6116,11541,1769,9772,4347,14792,0.153280,0.289241,0.200374,6116,0.200458,0.200458,449,260,0.579065,292,0.650334,307,0.683742
thunderbird,hash,C,frozen,0.050,1.06698291,2,50,256,default,false,6116,20863,3006,17857,3110,6707,0.144083,0.491498,0.222840,6116,0.200458,0.200458,449,365,0.812918,379,0.844098,395,0.879733
thunderbird,hash,C,frozen,0.100,0.87563560,2,50,256,default,false,6116,25214,4256,20958,1860,3606,0.168795,0.695880,0.271688,6116,0.200458,0.200458,449,404,0.899777,418,0.930958,421,0.937639
thunderbird,hash,C,frozen,0.200,0.74434044,2,50,256,default,false,6116,27675,5257,22418,859,2146,0.189955,0.859549,0.311148,6116,0.200458,0.200458,449,424,0.944321,438,0.975501,444,0.988864
thunderbird,hash,C,online,0.020,1.24702131,4,50,256,default,false,6116,907,173,734,5943,23830,0.190739,0.028286,0.049267,6116,0.212721,0.212721,449,52,0.115813,65,0.144766,71,0.158129
thunderbird,hash,C,online,0.050,0.99981649,4,50,256,default,false,6116,1977,419,1558,5697,23006,0.211937,0.068509,0.103546,6116,0.212721,0.212721,449,75,0.167038,86,0.191537,97,0.216036
thunderbird,hash,C,online,0.100,0.86453138,4,50,256,default,false,6116,3549,736,2813,5380,21751,0.207382,0.120340,0.152302,6116,0.212721,0.212721,449,120,0.267261,146,0.325167,168,0.374165
thunderbird,hash,C,online,0.200,0.72408207,4,50,256,default,false,6116,7832,1752,6080,4364,18484,0.223698,0.286462,0.251219,6116,0.212721,0.212721,449,224,0.498886,256,0.570156,281,0.625835
thunderbird,hash,C,frozen,0.020,1.24702131,4,50,256,default,false,6116,14939,2078,12861,4038,11703,0.139099,0.339765,0.197388,6116,0.195716,0.195716,449,278,0.619154,297,0.661470,316,0.703786
thunderbird,hash,C,frozen,0.050,0.99981649,4,50,256,default,false,6116,21945,3332,18613,2784,5951,0.151834,0.544801,0.237483,6116,0.195716,0.195716,449,361,0.804009,374,0.832962,384,0.855234
thunderbird,hash,C,frozen,0.100,0.86453138,4,50,256,default,false,6116,25307,4451,20856,1665,3708,0.175880,0.727763,0.283296,6116,0.195716,0.195716,449,403,0.897550,411,0.915367,417,0.928731
thunderbird,hash,C,frozen,0.200,0.72408207,4,50,256,default,false,6116,28131,5493,22638,623,1926,0.195265,0.898136,0.320787,6116,0.195716,0.195716,449,424,0.944321,431,0.959911,438,0.975501
thunderbird,sample_size,B,online,0.020,1.47259203,4,50,64,default,false,6116,840,161,679,5955,23885,0.191667,0.026324,0.046291,6116,0.291857,0.291857,449,49,0.109131,58,0.129176,70,0.155902
thunderbird,sample_size,B,online,0.050,1.18896050,4,50,64,default,false,6116,1994,478,1516,5638,23048,0.239719,0.078156,0.117879,6116,0.291857,0.291857,449,98,0.218263,111,0.247216,129,0.287305
thunderbird,sample_size,B,online,0.100,1.04342243,4,50,64,default,false,6116,3570,994,2576,5122,21988,0.278431,0.162525,0.205245,6116,0.291857,0.291857,449,146,0.325167,163,0.363029,184,0.409800
thunderbird,sample_size,B,online,0.200,0.91618798,4,50,64,default,false,6116,6124,1788,4336,4328,20228,0.291966,0.292348,0.292157,6116,0.291857,0.291857,449,198,0.440980,230,0.512249,251,0.559020
thunderbird,sample_size,B,frozen,0.020,1.47259203,4,50,64,default,false,6116,5702,1638,4064,4478,20500,0.287268,0.267822,0.277204,6116,0.283519,0.283519,449,151,0.336303,169,0.376392,188,0.418708
thunderbird,sample_size,B,frozen,0.050,1.18896050,4,50,64,default,false,6116,17923,4061,13862,2055,10702,0.226580,0.663996,0.337868,6116,0.283519,0.283519,449,316,0.703786,330,0.734967,343,0.763920
thunderbird,sample_size,B,frozen,0.100,1.04342243,4,50,64,default,false,6116,24371,5046,19325,1070,5239,0.207049,0.825049,0.331026,6116,0.283519,0.283519,449,390,0.868597,399,0.888641,408,0.908686
thunderbird,sample_size,B,frozen,0.200,0.91618798,4,50,64,default,false,6116,27921,5873,22048,243,2516,0.210343,0.960268,0.345095,6116,0.283519,0.283519,449,414,0.922049,419,0.933185,423,0.942094
thunderbird,sample_size,B,online,0.020,1.35614190,4,50,128,default,false,6116,798,159,639,5957,23925,0.199248,0.025997,0.045994,6116,0.282538,0.282538,449,45,0.100223,58,0.129176,68,0.151448
thunderbird,sample_size,B,online,0.050,1.09200557,4,50,128,default,false,6116,1908,456,1452,5660,23112,0.238994,0.074559,0.113659,6116,0.282538,0.282538,449,90,0.200445,106,0.236080,116,0.258352
thunderbird,sample_size,B,online,0.100,0.95377095,4,50,128,default,false,6116,3532,970,2562,5146,22002,0.274632,0.158600,0.201078,6116,0.282538,0.282538,449,139,0.309577,161,0.358575,178,0.396437
thunderbird,sample_size,B,online,0.200,0.84103257,4,50,128,default,false,6116,6021,1698,4323,4418,20241,0.282013,0.277632,0.279806,6116,0.282538,0.282538,449,207,0.461024,235,0.523385,259,0.576837
thunderbird,sample_size,B,frozen,0.020,1.35614190,4,50,128,default,false,6116,5743,1347,4396,4769,20168,0.234546,0.220242,0.227169,6116,0.232341,0.232341,449,164,0.365256,192,0.427617,205,0.456570
thunderbird,sample_size,B,frozen,0.050,1.09200557,4,50,128,default,false,6116,19077,3221,15856,2895,8708,0.168842,0.526651,0.255706,6116,0.232341,0.232341,449,346,0.770601,356,0.792873,370,0.824053
thunderbird,sample_size,B,frozen,0.100,0.95377095,4,50,128,default,false,6116,24925,4359,20566,1757,3998,0.174885,0.712721,0.280854,6116,0.232341,0.232341,449,398,0.886414,404,0.899777,413,0.919822
thunderbird,sample_size,B,frozen,0.200,0.84103257,4,50,128,default,false,6116,27289,5095,22194,1021,2370,0.186705,0.833061,0.305044,6116,0.232341,0.232341,449,417,0.928731,420,0.935412,422,0.939866
thunderbird,sample_size,B,online,0.020,1.29695762,4,50,256,default,false,6116,677,136,541,5980,24023,0.200886,0.022237,0.040041,6116,0.297907,0.297907,449,42,0.093541,57,0.126949,61,0.135857
thunderbird,sample_size,B,online,0.050,1.01898092,4,50,256,default,false,6116,1798,440,1358,5676,23206,0.244716,0.071942,0.111195,6116,0.297907,0.297907,449,84,0.187082,95,0.211581,106,0.236080
thunderbird,sample_size,B,online,0.100,0.87346272,4,50,256,default,false,6116,3391,878,2513,5238,22051,0.258921,0.143558,0.184706,6116,0.297907,0.297907,449,132,0.293987,147,0.327394,164,0.365256
thunderbird,sample_size,B,online,0.200,0.76986617,4,50,256,default,false,6116,5909,1752,4157,4364,20407,0.296497,0.286462,0.291393,6116,0.297907,0.297907,449,203,0.452116,223,0.496659,247,0.550111
thunderbird,sample_size,B,frozen,0.020,1.29695762,4,50,256,default,false,6116,6804,1626,5178,4490,19386,0.238977,0.265860,0.251703,6116,0.247057,0.247057,449,186,0.414254,218,0.485523,230,0.512249
thunderbird,sample_size,B,frozen,0.050,1.01898092,4,50,256,default,false,6116,20692,3800,16892,2316,7672,0.183646,0.621321,0.283497,6116,0.247057,0.247057,449,352,0.783964,366,0.815145,375,0.835189
thunderbird,sample_size,B,frozen,0.100,0.87346272,4,50,256,default,false,6116,25717,4818,20899,1298,3665,0.187347,0.787770,0.302705,6116,0.247057,0.247057,449,403,0.897550,409,0.910913,415,0.924276
thunderbird,sample_size,B,frozen,0.200,0.76986617,4,50,256,default,false,6116,27997,5773,22224,343,2340,0.206201,0.943918,0.338463,6116,0.247057,0.247057,449,422,0.939866,430,0.957684,440,0.979955
thunderbird,sample_size,B,online,0.020,1.23345063,4,50,512,default,false,6116,639,137,502,5979,24062,0.214397,0.022400,0.040563,6116,0.311805,0.311805,449,40,0.089087,53,0.118040,57,0.126949
thunderbird,sample_size,B,online,0.050,0.94988610,4,50,512,default,false,6116,1740,448,1292,5668,23272,0.257471,0.073250,0.114053,6116,0.311805,0.311805,449,76,0.169265,91,0.202673,99,0.220490
thunderbird,sample_size,B,online,0.100,0.82172272,4,50,512,default,false,6116,3129,854,2275,5262,22289,0.272931,0.139634,0.184749,6116,0.311805,0.311805,449,123,0.273942,145,0.322940,160,0.356347
thunderbird,sample_size,B,online,0.200,0.72078164,4,50,512,default,false,6116,5588,1734,3854,4382,20710,0.310308,0.283519,0.296309,6116,0.311805,0.311805,449,197,0.438753,230,0.512249,249,0.554566
thunderbird,sample_size,B,frozen,0.020,1.23345063,4,50,512,default,false,6116,7182,1646,5536,4470,19028,0.229184,0.269130,0.247556,6116,0.241171,0.241171,449,188,0.418708,221,0.492205,247,0.550111
thunderbird,sample_size,B,frozen,0.050,0.94988610,4,50,512,default,false,6116,21860,3888,17972,2228,6592,0.177859,0.635710,0.277953,6116,0.241171,0.241171,449,367,0.817372,382,0.850780,392,0.873051
thunderbird,sample_size,B,frozen,0.100,0.82172272,4,50,512,default,false,6116,26092,4993,21099,1123,3465,0.191361,0.816383,0.310047,6116,0.241171,0.241171,449,407,0.906459,414,0.922049,422,0.939866
thunderbird,sample_size,B,frozen,0.200,0.72078164,4,50,512,default,false,6116,28266,5839,22427,277,2137,0.206573,0.954709,0.339654,6116,0.241171,0.241171,449,427,0.951002,436,0.971047,442,0.984410
thunderbird,trees_100,B,online,0.020,1.34401334,4,100,128,default,false,6116,812,163,649,5953,23915,0.200739,0.026651,0.047055,6116,0.288751,0.288751,449,47,0.104677,60,0.133630,67,0.149220
thunderbird,trees_100,B,online,0.050,1.09849440,4,100,128,default,false,6116,1860,462,1398,5654,23166,0.248387,0.075540,0.115848,6116,0.288751,0.288751,449,85,0.189310,99,0.220490,107,0.238307
thunderbird,trees_100,B,online,0.100,0.94935638,4,100,128,default,false,6116,3542,993,2549,5123,22015,0.280350,0.162361,0.205633,6116,0.288751,0.288751,449,139,0.309577,162,0.360802,176,0.391982
thunderbird,trees_100,B,online,0.200,0.83555886,4,100,128,default,false,6116,6159,1778,4381,4338,20183,0.288683,0.290713,0.289695,6116,0.288751,0.288751,449,201,0.447661,233,0.518931,256,0.570156
thunderbird,trees_100,B,frozen,0.020,1.34401334,4,100,128,default,false,6116,6610,1566,5044,4550,19520,0.236914,0.256050,0.246110,6116,0.241334,0.241334,449,186,0.414254,205,0.456570,226,0.503341
thunderbird,trees_100,B,frozen,0.050,1.09849440,4,100,128,default,false,6116,19884,3568,16316,2548,8248,0.179441,0.583388,0.274462,6116,0.241334,0.241334,449,344,0.766147,354,0.788419,365,0.812918
thunderbird,trees_100,B,frozen,0.100,0.94935638,4,100,128,default,false,6116,25615,4648,20967,1468,3597,0.181456,0.759974,0.292963,6116,0.241334,0.241334,449,403,0.897550,409,0.910913,415,0.924276
thunderbird,trees_100,B,frozen,0.200,0.83555886,4,100,128,default,false,6116,27826,5468,22358,648,2206,0.196507,0.894048,0.322197,6116,0.241334,0.241334,449,419,0.933185,422,0.939866,424,0.944321
thunderbird,trees_100,B,online,0.020,1.27489062,4,100,256,default,false,6116,697,141,556,5975,24008,0.202296,0.023054,0.041391,6116,0.300850,0.300850,449,43,0.095768,56,0.124722,61,0.135857
thunderbird,trees_100,B,online,0.050,1.01702010,4,100,256,default,false,6116,1721,429,1292,5687,23272,0.249274,0.070144,0.109481,6116,0.300850,0.300850,449,80,0.178174,94,0.209354,102,0.227171
thunderbird,trees_100,B,online,0.100,0.87291400,4,100,256,default,false,6116,3295,886,2409,5230,22155,0.268892,0.144866,0.188290,6116,0.300850,0.300850,449,127,0.282851,149,0.331849,166,0.369710
thunderbird,trees_100,B,online,0.200,0.77053576,4,100,256,default,false,6116,5674,1695,3979,4421,20585,0.298731,0.277142,0.287532,6116,0.300850,0.300850,449,194,0.432071,216,0.481069,243,0.541203
thunderbird,trees_100,B,frozen,0.020,1.27489062,4,100,256,default,false,6116,6913,1628,5285,4488,19279,0.235498,0.266187,0.249904,6116,0.246403,0.246403,449,183,0.407572,212,0.472160,223,0.496659
thunderbird,trees_100,B,frozen,0.050,1.01702010,4,100,256,default,false,6116,20590,3706,16884,2410,7680,0.179990,0.605952,0.277541,6116,0.246403,0.246403,449,344,0.766147,357,0.795100,365,0.812918
thunderbird,trees_100,B,frozen,0.100,0.87291400,4,100,256,default,false,6116,25603,4693,20910,1423,3654,0.183299,0.767332,0.295911,6116,0.246403,0.246403,449,402,0.895323,407,0.906459,412,0.917595
thunderbird,trees_100,B,frozen,0.200,0.77053576,4,100,256,default,false,6116,27905,5637,22268,479,2296,0.202007,0.921681,0.331384,6116,0.246403,0.246403,449,420,0.935412,425,0.946548,430,0.957684
thunderbird,time_decay,B,online,0.020,1.35078240,4,50,128,0.00200000,false,6116,845,174,671,5942,23893,0.205917,0.028450,0.049993,6116,0.301995,0.301995,449,49,0.109131,63,0.140312,74,0.164811
thunderbird,time_decay,B,online,0.050,1.09592523,4,50,128,0.00200000,false,6116,1958,468,1490,5648,23074,0.239019,0.076521,0.115928,6116,0.301995,0.301995,449,99,0.220490,124,0.276169,137,0.305122
thunderbird,time_decay,B,online,0.100,0.96562600,4,50,128,0.00200000,false,6116,3401,967,2434,5149,22130,0.284328,0.158110,0.203215,6116,0.301995,0.301995,449,146,0.325167,166,0.369710,189,0.420935
thunderbird,time_decay,B,online,0.200,0.84280387,4,50,128,0.00200000,false,6116,6096,1841,4255,4275,20309,0.302001,0.301014,0.301507,6116,0.301995,0.301995,449,207,0.461024,242,0.538976,258,0.574610
thunderbird,time_decay,B,frozen,0.020,1.35078240,4,50,128,0.00200000,false,6116,7277,2006,5271,4110,19293,0.275663,0.327992,0.299559,6116,0.279104,0.279104,449,189,0.420935,216,0.481069,232,0.516704
thunderbird,time_decay,B,frozen,0.050,1.09592523,4,50,128,0.00200000,false,6116,20251,4166,16085,1950,8479,0.205718,0.681164,0.316001,6116,0.279104,0.279104,449,342,0.761693,356,0.792873,370,0.824053
thunderbird,time_decay,B,frozen,0.100,0.96562600,4,50,128,0.00200000,false,6116,25489,4873,20616,1243,3948,0.191181,0.796763,0.308369,6116,0.279104,0.279104,449,397,0.884187,405,0.902004,411,0.915367
thunderbird,time_decay,B,frozen,0.200,0.84280387,4,50,128,0.00200000,false,6116,27833,5547,22286,569,2278,0.199296,0.906965,0.326784,6116,0.279104,0.279104,449,417,0.928731,421,0.937639,425,0.946548
thunderbird,time_decay,B,online,0.020,1.38102078,4,50,128,0.00100000,false,6116,751,157,594,5959,23970,0.209055,0.025670,0.045726,6116,0.312623,0.312623,449,46,0.102450,57,0.126949,63,0.140312
thunderbird,time_decay,B,online,0.050,1.09651643,4,50,128,0.00100000,false,6116,2009,551,1458,5565,23106,0.274266,0.090092,0.135631,6116,0.312623,0.312623,449,98,0.218263,110,0.244989,122,0.271715
thunderbird,time_decay,B,online,0.100,0.96182645,4,50,128,0.00100000,false,6116,3598,1114,2484,5002,22080,0.309616,0.182145,0.229360,6116,0.312623,0.312623,449,149,0.331849,163,0.363029,185,0.412027
thunderbird,time_decay,B,online,0.200,0.84560027,4,50,128,0.00100000,false,6116,6273,1968,4305,4148,20259,0.313725,0.321779,0.317701,6116,0.312623,0.312623,449,202,0.449889,231,0.514477,251,0.559020
thunderbird,time_decay,B,frozen,0.020,1.38102078,4,50,128,0.00100000,false,6116,5669,1530,4139,4586,20425,0.269889,0.250164,0.259652,6116,0.263898,0.263898,449,156,0.347439,171,0.380846,190,0.423163
thunderbird,time_decay,B,frozen,0.050,1.09651643,4,50,128,0.00100000,false,6116,19251,3639,15612,2477,8952,0.189029,0.594997,0.286908,6116,0.263898,0.263898,449,323,0.719376,338,0.752784,348,0.775056
thunderbird,time_decay,B,frozen,0.100,0.96182645,4,50,128,0.00100000,false,6116,24664,4633,20031,1483,4533,0.187845,0.757521,0.301040,6116,0.263898,0.263898,449,396,0.881960,401,0.893096,409,0.910913
thunderbird,time_decay,B,frozen,0.200,0.84560027,4,50,128,0.00100000,false,6116,27378,5431,21947,685,2617,0.198371,0.887999,0.324297,6116,0.263898,0.263898,449,414,0.922049,418,0.930958,420,0.935412
thunderbird,time_decay,B,online,0.020,1.33322696,4,50,128,0.00050000,false,6116,822,184,638,5932,23926,0.223844,0.030085,0.053041,6116,0.322923,0.322923,449,45,0.100223,58,0.129176,63,0.140312
thunderbird,time_decay,B,online,0.050,1.08568316,4,50,128,0.00050000,false,6116,1876,532,1344,5584,23220,0.283582,0.086985,0.133133,6116,0.322923,0.322923,449,86,0.191537,100,0.222717,114,0.253898
thunderbird,time_decay,B,online,0.100,0.93621237,4,50,128,0.00050000,false,6116,3500,1102,2398,5014,22166,0.314857,0.180183,0.229201,6116,0.322923,0.322923,449,133,0.296214,153,0.340757,169,0.376392
thunderbird,time_decay,B,online,0.200,0.83548804,4,50,128,0.00050000,false,6116,5739,1857,3882,4259,20682,0.323576,0.303630,0.313286,6116,0.322923,0.322923,449,186,0.414254,211,0.469933,239,0.532294
thunderbird,time_decay,B,frozen,0.020,1.33322696,4,50,128,0.00050000,false,6116,5909,1467,4442,4649,20122,0.248265,0.239863,0.243992,6116,0.247384,0.247384,449,159,0.354120,188,0.418708,210,0.467706
thunderbird,time_decay,B,frozen,0.050,1.08568316,4,50,128,0.00050000,false,6116,18560,3427,15133,2689,9431,0.184644,0.560334,0.277760,6116,0.247384,0.247384,449,324,0.721604,344,0.766147,353,0.786192
thunderbird,time_decay,B,frozen,0.100,0.93621237,4,50,128,0.00050000,false,6116,25073,4592,20481,1524,4083,0.183145,0.750818,0.294463,6116,0.247384,0.247384,449,399,0.888641,405,0.902004,411,0.915367
thunderbird,time_decay,B,frozen,0.200,0.83548804,4,50,128,0.00050000,false,6116,27327,5341,21986,775,2578,0.195448,0.873283,0.319409,6116,0.247384,0.247384,449,414,0.922049,418,0.930958,424,0.944321
